key,en,am
status:exploring_data_sources,Exploring data sources,Ուսումնասիրել տվյալների աղբյուրները 
status:not_applicable,Not applicable,ոչ կիրառելի
status:overall_reporting_status,Overall Reporting Status,Ընդհանուր հաշվետվության կարգավիճակը
status:reported_online,Reported online,Առցանց հաշվետվություն 
status:reporting_status,Reporting Status,Հաշվետվության կարգավիճակը 
status:statistics_in_progress,Statistics in progress,Վիճակագրությունը ընթացքում է
status:status_by_goal,Status by goal,Գոլի կարգավիճակ
general:goal,Goal,Նպատակը
general:goals,Goals,Նպատակները
general:home,Home,Գլխավոր էջ
general:indicator,Indicator,Ցուցանիշ
general:indicators,Indicators,Ցուցանիշներ
general:loading,Loading search results,Որոնման արդյունքները բեռնվում են 
general:opens_new_window,opens in a new window,Բացվում է նոր պատուհանում
general:sdg,Sustainable Development Goals,Կայուն զարգացման նպատակներ
general:target,Target,Թիրախը
general:targets,Targets,Թիրախներ
frontpage:heading,%name data for Sustainable Development Goal indicators,%name Կայուն զարգացման նպատակների ցուցանիշների տվյալներ
frontpage:instructions,"Click on each goal, or %before_link search, %after_link for %name statistics for Sustainable Development Goal global indicators.","Սեղմեք յուրաքանչյուր նպատակի վրա %before_link որոնում, %after_link երկիր_անվանում Կայուն Զարգացման Նպատակների գլոբալ ցուցանիշների համար "
indicator:chart,Chart,Գծապատկեր
indicator:clear_all,Clear all,Մաքրել ամեն ինչ 
indicator:clear_selections,Clear selections,Մաքրել նշվածները 
indicator:dataset_size_warning,There are too many datasets to show on the chart. Not all will be shown until you remove some selections.,"Տվյալները չափազանց շատ են գծապատկերում ցուցադրելու համար: Նրանցից ոչ բոլորը կցուցադրվեն, քանի դեռ չեք հանել որոշ նշվածները:"
indicator:download_chart,Download Chart CSV,Ներբեռնել CSV գծապատկեր
indicator:download_csv,Download CSV,Ներբեռնել CSV
indicator:download_csv_title,Download as CSV,Ներբեռնել որպես CSV
indicator:download_headline,Download Headline CSV,Ներբեռնել վերնագիրը որպես CSV
indicator:download_headline_title,Download headline data as CSV,Ներբեռնել վերնագրի տվյալները որպես CSV
indicator:download_source,Download Source CSV,Ներբեռնել աղբյուրը CSV
indicator:download_source_title,Download source data as CSV,"Ներբեռնել աղբյուրի տվյալները, որպես CSV"
indicator:download_table,Download Table CSV,Ներբեռնել CSV աղյուսակը
indicator:edit,Edit,Խմբագրել
indicator:edit_data,Edit Data,Խմբագրել տվյալները
indicator:edit_metadata,Edit Metadata,Խմբագրել մետատվյալները
indicator:footnote,Footnote,Ծանոթագրություն
indicator:geographical_area,Geographical Area,Աշխարհագրական դիրք
indicator:global_metadata,Global Metadata,Գլոբալ մետատվյալներ
indicator:global_metadata_blurb,"This table provides information on metadata for SDG indicators as defined by the UN Statistical Commission. <a href=""https://unstats.un.org/sdgs/metadata/"">Complete global metadata</a> is provided by the UN Statistics Division.","Այս աղյուսակը տեղեկատվություն է տրամադրում ՄԱԿ-ի վիճակագրական կոմիտեի սահմանած ԿԶՆ ցուցանիշների մետատվյալի մասին <a href=""https://unstats.un.org/sdgs/metadata/"">Complete global metadata</a> "
indicator:legend_help,Click on the legend to remove individual lines from the chart.,Սեղմեք նկարագրությանը գծապատկերից անհատական գծերը հեռացնելու համար:
indicator:loading_map,Loading map,Քարտեզը բեռնվում է։
indicator:map,Map,Քարտեզ
indicator:national_metadata,National Metadata,Ազգային մետատվյալներ
indicator:national_metadata_blurb,"This table provides metadata for the actual indicator available from %country_name statistics closest to the corresponding global SDG indicator. Please note that even when the global SDG indicator is fully available from %country_adjective statistics, this table should be consulted for information on national methodology and other %country_adjective-specific metadata information.","Այս աղյուսակը տրամադրում է երկրի_անվանում վիճակագրությունում առկա համապատասխան գլոբալ ԿԶՆ ցուցանիշին ամենամոտ մետատվյալներ գործող ցուցանիշի վերաբերյալ։ Խնդրում ենք նկատի ունենալ, որ նույնիսկ այն դեպքում, երբ գլոբալ ԿԶՆ ցուցանիշը ամբողջությամբ հասանելի է երկրին_համապատասխան վիճակագրության մեջ, այս աղյուսակը պետք է ծառայի ազգային մեթոդաբանության և այլ երկրին_համապատասխան մետատվյալների վերաբերյալ տեղեկատվության համար:"
indicator:no_data_hint,No options available because of filters above,Վերը նշված ֆիլտրերի պատճառով ընտրանք չկա
indicator:select_all,Select all,Ընտրել ամբողջը
indicator:series_help,Choose categories from the dropdowns below to see different breakdowns of the data. Some will not be available until a higher level is chosen.,"Ընտրել ստորև բերված կատեգորիաները `տվյալների տարբեր ենթախմբերը տեսնելու համար: Ոմանք հասանելի չեն լինի, մինչև չընտրվի առավել բարձր մակարդակը: "
indicator:source,Source,Աղբյուր
indicator:sources,Sources,Աղբյուրներ
indicator:sub_categories,Sub-categories,Ենթախմբեր
indicator:table,Table,Աղյուսակ
indicator:unit_of_measurement,Unit of Measurement,Չափման  միավոր
indicator:units_type,Units type,Միավորների տեսակը
indicator:variable_hint,Available when '%field' is selected,"Հասանելի է, երբ ընտրված է դաշտը '%field' "
indicator:view_indicator_list,View this goal's indicator list,Տեսնել այս նպատակի ցուցանիշների ցանկը
global_targets:1.1---title,"By 2030, eradicate extreme poverty for all people everywhere, currently measured as people living on less than $1.25 a day","Մինչև 2030թ. ամենուրեք և բոլոր մարդկանց համար իսպառ վերացնել ծայրահեղ աղքատությունը, որը ներկայումս չափվում է որպես օրական 1,25 դոլարից պակաս սպառում"
global_targets:1.2---title,"By 2030, reduce at least by half the proportion of men, women and children of all ages living in poverty in all its dimensions according to national definitions","Մինչև 2030թ. առնվազն կիսով չափ կրճատել ըստ ազգային սահմանումների աղքատության բոլոր ձևերի մեջ ապրող բոլոր տարիքների տղամարդկանց, կանանց և երեխաների համամասնությունը"
global_targets:1.3---title,"Implement nationally appropriate social protection systems and measures for all, including floors, and by 2030 achieve substantial coverage of the poor and the vulnerable","Ներդնել տվյալ երկրում համապատասխան սոցիալական պաշտպանության համակարգեր և միջոցառումներ բոլորի համար, այդ թվում՝ սոցիալական պաշտպանության երաշխիքների խմբեր, և մինչև 2030թ. հասնել աղքատների և խոցելիների էական չափերով ընդգրկմանը"
global_targets:1.4---title,"By 2030, ensure that all men and women, in particular the poor and the vulnerable, have equal rights to economic resources, as well as access to basic services, ownership and control over land and other forms of property, inheritance, natural resources, appropriate new technology and financial services, including microfinance","Մինչև 2030թ. ապահովել, որ բոլոր տղամարդիկ և կանայք, մասնավորապես աղքատները և խոցելիները, ունենան հավասար իրավունքներ տնտեսական ռեսուրսների նկատմամբ, ինչպես
նաև հիմնական ծառայությունների հասանելիություն, հողի և գույքի այլ ձևերի նկատմամբ սեփականության և վերահսկողության, ժառանգությունից և բնական պաշարներից, նոր համապատասխան տեխնոլոգիաներից և ֆինանսական ծառայություններից, այդ թվում՝ միկրոֆինանսներից օգտվելու իրավունքներ:"
global_targets:1.5---title,"By 2030, build the resilience of the poor and those in vulnerable situations and reduce their exposure and vulnerability to climate-related extreme events and other economic, social and environmental shocks and disasters","Մինչև 2030թ. ստեղծել աղքատների և խոցելի իրավիճակներում հայտնված անձանց տոկունությունը, նվազեցնել կլիմային առնչվող ծայրահեղ իրադարձությունների և այլ տնտեսական, սոցիալական և բնապահպանական ցնցումներին և աղետներին ենթարկվածության
և դրանց նկատմամբ խոցելիության աստիճանը"
global_targets:1.a---title,"Ensure significant mobilization of resources from a variety of sources, including through enhanced development cooperation, in order to provide adequate and predictable means for developing countries, in particular least developed countries, to implement programmes and policies to end poverty in all its dimensions","Ապահովել ռեսուրսների զգալի մոբիլիզացում տարբեր աղբյուրներից, այդ թվում՝ զարգացմանը միտված խորացված գործակցության միջոցով՝ զարգացող երկրներին, մասնավորապես առավել թույլ զարգացած երկրներին համարժեք և կանխատեսելի միջոցներ տրամադրելու համար, որպեսզի իրականացնեն ծրագրեր և ռազմավարություն՝ վերացնելու աղքատությունն իր բոլոր դրսևորումներով"
global_targets:1.b---title,"Create sound policy frameworks at the national, regional and international levels, based on pro-poor and gender-sensitive development strategies, to support accelerated investment in poverty eradication actions","Ստեղծել զարգացման աղքատամետ և գենդերազգայուն ռազմավարությունների վրա հիմնված քաղաքականության ամուր շրջանակներ ազգային, տարածաշրջանային և միջազգային մակարդակներում՝ օժանդակելու աղքատության վերացման գործողություններում ներդրումների արագացմանը"
global_targets:10.1---title,"By 2030, progressively achieve and sustain income growth of the bottom 40 per cent of the population at a rate higher than the national average","Մինչև 2030թ. աստիճանաբար հասնել բնակչության ստորին 40 տոկոսի եկամուտների աճին՝ ազգային միջինից բարձր ցուցանիշով, և պահպանել այդ աճը "
global_targets:10.2---title,"By 2030, empower and promote the social, economic and political inclusion of all, irrespective of age, sex, disability, race, ethnicity, origin, religion or economic or other status","Մինչև 2030թ. ուժեղացնել և խթանել բոլորի սոցիալական, տնտեսական և քաղաքական ներառումը՝ անկախ տարիքից, սեռից, հաշմանդամություն ունենալու հանգամանքից, ռասայից, էթնիկական ծագումից, կրոնից կամ տնտեսական կամ այլ կարգավիճակից "
global_targets:10.3---title,"Ensure equal opportunity and reduce inequalities of outcome, including by eliminating discriminatory laws, policies and practices and promoting appropriate legislation, policies and action in this regard","Ապահովել հավասար հնարավորություններ և կրճատել արդյունքների անհավասարությունները, այդ թվում՝ վերացնելով խտրական օրենքները, քաղաքականությունները և գործելաձևերը՝ և խթանելով այս առումով պատշաճ օրենսդրության, քաղաքականությունների և գործողությունների ընդունումը"
global_targets:10.4---title,"Adopt policies, especially fiscal, wage and social protection policies, and progressively achieve greater equality","Ընդունել քաղաքականություններ, հատկապես հարկաբյուջետային, աշխատավարձերի և սոցիալական պաշտպանության քաղաքականություններ և աստիճանաբար հասնել հավասարության առավել բարձր մակարդակի "
global_targets:10.5---title,Improve the regulation and monitoring of global financial markets and institutions and strengthen the implementation of such regulations,"Բարելավել գլոբալ ֆինանսական շուկաների և հաստատությունների կարգավորումը և մշտադիտարկումը, ուժեղացնել նման կարգավորումների իրականացումը "
global_targets:10.6---title,"Ensure enhanced representation and voice for developing countries in decision-making in global international economic and financial institutions in order to deliver more effective, credible, accountable and legitimate institutions","Զարգացող երկրների համար ապահովել ընդլայնված ներկայացվածություն և ձայն՝ գլոբալ միջազգային տնտեսական և ֆինանսական հաստատություններում որոշումների կայացման գործում՝ նշված հաստատությունների գործունեությունը դարձնելու առավել արդյունավետ, արժանահավատ, հաշվետվողական և օրինական "
global_targets:10.7---title,"Facilitate orderly, safe, regular and responsible migration and mobility of people, including through the implementation of planned and well-managed migration policies","Դյուրացնել մարդկանց կարգապահ, անվտանգ, կանոնավոր և պատասխանատու միգրացիան և շարժունությունը, այդ թվում՝ պլանավորված և լավ կառավարվող միգրացիոն քաղաքականությունների իրականացման միջոցով "
global_targets:10.a---title,"Implement the principle of special and differential treatment for developing countries, in particular least developed countries, in accordance with World Trade Organization agreements","Ներդնել հատուկ և տարբերակված վերաբերմունքի սկզբունքը զարգացող երկրների համար, մասնավորապես՝ առավել թույլ զարգացած երկրներում, ըստ Առևտրի համաշխարհային կազմակերպության համաձայնագրերի "
global_targets:10.b---title,"Encourage official development assistance and financial flows, including foreign direct investment, to States where the need is greatest, in particular least developed countries, African countries, small island developing States and landlocked developing countries, in accordance with their national plans and programmes","Խրախուսել զարգացմանն ուղղված պաշտոնական օգնությունը և ֆինանսական հոսքերը, այդ թվում՝ օտարերկրյա ուղղակի ներդրումները, առավել մեծ կարիք ունեցող պետություններին, մասնավորապես՝ առավել թույլ զարգացած երկրներին, աֆրիկյան երկրներին, զարգացող փոքր կղզի-պետություններին և դեպի ծով ելք չունեցող զարգացող երկրներին՝ համաձայն վերջիններիս ազգային պլանների և ծրագրերի"
global_targets:10.c---title,"By 2030, reduce to less than 3 per cent the transaction costs of migrant remittances and eliminate remittance corridors with costs higher than 5 per cent",Մինչև 2030թ. միգրանտների դրամական փոխանցումների գործարքների ծախսերը իջեցնել մինչև 3 տոկոսից ցածր և վերացնել 5 տոկոսից բարձր ծախսերով դրամական փոխանցումների միջանցքները 
global_targets:11.1---title,"By 2030, ensure access for all to adequate, safe and affordable housing and basic services and upgrade slums","Մինչև 2030թ. բոլորի համար հասանելի դարձնել պատշաճ, անվտանգ և մատչելի բնակարաններ և հիմնական ծառայություններ, արդիականացնել հետնախորշերը"
global_targets:11.2---title,"By 2030, provide access to safe, affordable, accessible and sustainable transport systems for all, improving road safety, notably by expanding public transport, with special attention to the needs of those in vulnerable situations, women, children, persons with disabilities and older persons","Մինչև 2030թ. բոլորի համար հասանելի դարձնել ապահով, մատչելի, հասանելի և կայուն տրանսպորտային համակարգեր՝ բարելավելով ճանապարհների անվտանգությունը, հատկապես ընդլայնելով հասարակական տրանսպորտը՝ հատուկ ուշադրություն դարձնելով խոցելի իրավիճակներում գտնվող անձանց, կանանց, երեխաների, հաշմանդամություն ունեցող անձանց և տարեցների կարիքներին "
global_targets:11.3---title,"By 2030, enhance inclusive and sustainable urbanization and capacity for participatory, integrated and sustainable human settlement planning and management in all countries","Մինչև 2030թ. խթանել ներառական և կայուն քաղաքայնացումը և մարդկային բնակավայրերի մասնակցային, ինտեգրված և կայուն պլանավորումն ու կառավարումը բոլոր երկրներում "
global_targets:11.4---title,Strengthen efforts to protect and safeguard the world’s cultural and natural heritage,Ուժեղացնել աշխարհի մշակութային և բնական ժառանգության պահպանությանն ու երաշխավորմանն ուղղված ջանքերը 
global_targets:11.5---title,"By 2030, significantly reduce the number of deaths and the number of people affected and substantially decrease the direct economic losses relative to global gross domestic product caused by disasters, including water-related disasters, with a focus on protecting the poor and people in vulnerable situations","Մինչև 2030թ. զգալիորեն կրճատել աղետների, այդ թվում՝ ջրին առնչվող աղետների հետևանքով մահերի և տուժածների թիվը և էապես նվազեցնել տնտեսական ուղղակի վնասները գլոբալ համախառն ներքին արդյունքի համեմատ՝ ուշադրության կենտրոնում պահելով աղքատների և խոցելի իրավիճակներում գտնվող անձանց պաշտպանությունը "
global_targets:11.6---title,"By 2030, reduce the adverse per capita environmental impact of cities, including by paying special attention to air quality and municipal and other waste management","Մինչև 2030թ. կրճատել քաղաքների բացասական ազդեցությունը շրջակա միջավայրի վրա մեկ շնչի հաշվով, այդ թվում՝ հատուկ ուշադրություն դարձնելով օդի որակին և կենցաղային ու այլ թափոնների կառավարմանը "
global_targets:11.7---title,"By 2030, provide universal access to safe, inclusive and accessible, green and public spaces, in particular for women and children, older persons and persons with disabilities","Մինչև 2030թ. համընդհանուր կերպով հասանելի դարձնել ապահով, ներառական և մատչելի, կանաչ և հանրային տարածքներ, մասնավորապես՝ կանանց և երեխաների, տարեցների և հաշմանդամություն ունեցող անձանց համար "
global_targets:11.a---title,"Support positive economic, social and environmental links between urban, peri-urban and rural areas by strengthening national and regional development planning","Օժանդակել տնտեսական, սոցիալական և բնապահպանական դրական կապերին քաղաքային, քաղաքամերձ և գյուղական վայրերի միջև՝ ուժեղացնելով ազգային և տարածաշրջանային զարգացման պլանավորումը "
global_targets:11.b---title,"By 2020, substantially increase the number of cities and human settlements adopting and implementing integrated policies and plans towards inclusion, resource efficiency, mitigation and adaptation to climate change, resilience to disasters, and develop and implement, in line with the Sendai Framework for Disaster Risk Reduction 2015–2030, holistic disaster risk management at all levels","Մինչև 2020թ. էապես մեծացնել քաղաքների և մարդկային այլ բնակավայրերի թիվը, որոնք ընդունում և կենսագործում են ինտեգրված ռազմավարություն և պլաններ՝ ուղղված ներառմանը, ռեսուրսների արդյունավետությանը, կլիմայի փոփոխությունների մեղմացմանը և դրանց հարմարվելուն, աղետների նկատմամբ դիմակայունությանը. մշակել և իրականացնել աղետների ռիսկերի ամբողջական կառավարում բոլոր մակարդակներում՝ «Աղետների ռիսկի նվազեցման Սենդայի 2015¬2030թթ. գործողությունների ծրագրին» համահունչ "
global_targets:11.c---title,"Support least developed countries, including through financial and technical assistance, in building sustainable and resilient buildings utilizing local materials","Օժանդակել առավել թույլ զարգացած երկրներին, այդ թվում՝ ֆինանսական և խորհրդատվական օժանդակության միջոցով, կայուն և դիմակայուն շենքեր կառուցելիս՝ օգտագործելով տեղական նյութեր "
global_targets:12.1---title,"Implement the 10‐Year Framework of Programmes on Sustainable Consumption and Production Patterns, all countries taking action, with developed countries taking the lead, taking into account the development and capabilities of developing countries","Իրականացնել Սպառման և արտադրության կաղապարների կայուն ծրագրերի տասնամյա շրջանակը՝ բոլոր երկրների կողմից գործողությունների ձեռնարկմամբ, զարգացող երկրների առաջատարությամբ, հաշվի առնելով զարգացող երկրների զարգացումն ու հնարավորությունները"
global_targets:12.2---title,"By 2030, achieve the sustainable management and efficient use of natural resources",Մինչև 2030թ. հասնել բնական պաշարների կայուն կառավարման և արդյունավետ օգտագործման 
global_targets:12.3---title,"By 2030, halve per capita global food waste at the retail and consumer levels and reduce food losses along production and supply chains, including post-harvest losses","Մինչև 2030թ. կիսով չափ կրճատել մեկ շնչին ընկնող պարենի գլոբալ վատնումը մանրածախ և սպառողների մակարդակներում և կրճատել պարենի կորուստները արտադրության և մատակարարման շղթաներում, այդ թվում՝ հետբերքահավաքային կորուստները  "
global_targets:12.4---title,"By 2020, achieve the environmentally sound management of chemicals and all wastes throughout their life cycle, in accordance with agreed international frameworks, and significantly reduce their release to air, water and soil in order to minimize their adverse impacts on human health and the environment","Մինչև 2020թ. հասնել քիմիական նյութերի և բոլոր թափոնների բնապահպանորեն անվտանգ կառավարմանը դրանց կյանքի ողջ շրջափուլի ընթացքում՝ համաձայն միջազգային համաձայնեցված շրջանակների, և զգալիորեն կրճատել դրանց արտազատումը մթնոլորտի, ջրի և հողի մեջ՝ նվազեցնելու դրանց բացասական ազդեցությունը մարդկանց առողջության և շրջակա միջավայրի վրա "
global_targets:12.5---title,"By 2030, substantially reduce waste generation through prevention, reduction, recycling and reuse","Մինչև 2030թ. էապես կրճատել թափոնների գոյացումը՝ կանխարգելման, նվազեցման, վերամշակման և վերօգտագործման միջոցով "
global_targets:12.6---title,"Encourage companies, especially large and transnational companies, to adopt sustainable practices and to integrate sustainability information into their reporting cycle","Խրախուսել ընկերություններին՝ հատկապես խոշոր և անդրազգային, ընդունել կայուն գործելաձևեր և կայունության վերաբերյալ տեղեկություններն ընդգրկել իրենց հաշվետվությունների շրջափուլում "
global_targets:12.7---title,"Promote public procurement practices that are sustainable, in accordance with national policies and priorities",Խթանել պետական գնումների կայուն գործելաձևեր՝ համաձայն ազգային քաղաքականությունների և գերակայությունների 
global_targets:12.8---title,"By 2030, ensure that people everywhere have the relevant information and awareness for sustainable development and lifestyles in harmony with nature","Մինչև 2030թ. ապահովել, որ ամենուր մարդիկ ունենան համապատասխան տեղեկություններ և իրազեկվածություն՝ հանուն կայուն զարգացման և բնության հետ ներդաշնակ կենսակերպի"
global_targets:12.a---title,Support developing countries to strengthen their scientific and technological capacity to move towards more sustainable patterns of consumption and production,Օժանդակել զարգացող երկրներին՝ հզորացնել իրենց գիտական և տեխնոլոգիական կարողությունները՝ որդեգրելու սպառման և արտադրության առավել կայուն սխեմաներ 
global_targets:12.b---title,Develop and implement tools to monitor sustainable development impacts for sustainable tourism that creates jobs and promotes local culture and products,"Մշակել և իրականացնել գործիքներ՝ մշտադիտարկելու կայուն զարգացման ազդեցությունները կայուն զբոսաշրջության վրա, որն ստեղծում է աշխատատեղեր և խթանում տեղական մշակույթն ու արտադրատեսակները "
global_targets:12.c---title,"Rationalize inefficient fossil-fuel subsidies that encourage wasteful consumption by removing market distortions, in accordance with national circumstances, including by restructuring taxation and phasing out those harmful subsidies, where they exist, to reflect their environmental impacts, taking fully into account the specific needs and conditions of developing countries and minimizing the possible adverse impacts on their development in a manner that protects the poor and the affected communities","Ռացիոնալացնել հանածո վառելիքի սուբսիդիաները, որոնք խրախուսում են վատնողաբար սպառում՝ հեռացնելով շուկայի խաթարումները՝ ըստ ազգային հանգամանքների, այդ թվում՝ վերակազմակերպելով հարկումը և հանելով այդ վնասակար սուբսիդիաները, եթե այդպիսիք կան՝ արտացոլելու դրանց ներգործությունը շրջակա միջավայրի վրա, լիովին հաշվի առնելով զարգացող երկրների առաձնահատուկ կարիքները և պայմանները, և նվազագույնի հասցնելով հնարավոր բացասական "
global_targets:13.1---title,Strengthen resilience and adaptive capacity to climate-related hazards and natural disasters in all countries,Ուժեղացնել դիմակայունությունը և հարմարվողականությունը կլիմային առնչվող վտանգների և բնական աղետների նկատմամբ բոլոր երկրներում 
global_targets:13.2---title,"Integrate climate change measures into national policies, strategies and planning","Կլիմայի փոփոխություններին ուղղված միջոցառումները ներառել ազգային քաղաքականություններում, ռազմավարություններում և պլաններում "
global_targets:13.3---title,"Improve education, awareness-raising and human and institutional capacity on climate change mitigation, adaptation, impact reduction and early warning","Բարելավել կրթությունը, իրազեկվածության բարձրացումը և մարդկային ու ինստիտուցիոնալ կարողությունները կլիմայի փոփոխությունների մեղմացման, հարմարվողականության, ազդեցության նվազեցման և վաղ նախազգուշացման հարցերում"
global_targets:13.a---title,Implement the commitment undertaken by developed-country parties to the United Nations Framework Convention on Climate Change to a goal of mobilizing jointly $100 billion annually by 2020 from all sources to address the needs of developing countries in the context of meaningful mitigation actions and transparency on implementation and fully operationalize the Green Climate Fund through its capitalization as soon as possible,"Կատարել ՄԱԿ-ի Կլիմայի փոփոխության մասին շրջանակային կոնվենցիայի զարգացած երկրներ հանդիսացող անդամ պետությունների ստանձնած հանձնառությունը՝ մինչև 2020թ. բոլոր աղբյուրներից տարեկան համատեղ մոբիլիզացնելու 100 մլրդ դոլար՝ բավարարելու զարգացող երկրների կարիքների մեղմացման նպատակային գործողությունների և իրականացման թափանցիկության համատեքստում, և հնարավորինս արագ լիարժեք կերպով գործարկել Կանաչ կլիմայի հիմնադրամը վերջինիս կապիտալացման միջոցով "
global_targets:13.b---title,"Promote mechanisms for raising capacity for effective climate change-related planning and management in least developed countries and small island developing States, including focusing on women, youth and local and marginalized communities","Խթանել մեխանիզմներ կլիմայի փոփոխություններին առնչվող արդյունավետ պլանավորում և կառավարում իրականացնելու կարողությունները զարգացնելու նպատակով՝ առավել թույլ զարգացած երկրներում և զարգացող փոքր կղզի-պետություններում՝ այդ թվում՝ ուշադրության կիզակետում պահելով կանանց, երիտասարդներին և տեղական ու մեկուսացված համայնքները "
global_targets:14.1---title,"By 2025, prevent and significantly reduce marine pollution of all kinds, in particular from land-based activities, including marine debris and nutrient pollution","Մինչև 2025թ. կանխել և զգալիորեն կրճատել ծովերի բոլոր տեսակի աղտոտումները՝ մասնավորապես ցամաքում իրականացվող գործողությունների հետևանքով, այդ թվում՝ ծովերի աղտոտումը ջրաբերուկներով և սննդանյութերով "
global_targets:14.2---title,"By 2020, sustainably manage and protect marine and coastal ecosystems to avoid significant adverse impacts, including by strengthening their resilience, and take action for their restoration in order to achieve healthy and productive oceans","Մինչև 2020թ. կայուն ձևով կառավարել և պահպանել ծովային և ափամերձ էկոհամակարգերը՝ խուսափելու զգալի բացասական ազդեցություններից, այդ թվում՝ մեծացնելով դրանց դիմակայունությունը. ձեռնարկել գործողություններ դրանց վերականգնման համար՝ հասնելու այն բանին, որ օվկիանոսները լինեն առողջ և արտադրողական"
global_targets:14.3---title,"Minimize and address the impacts of ocean acidification, including through enhanced scientific cooperation at all levels","Նվազագույնի հասցնել և դիմագրավել օվկիանոսների ջրի թթվայնացման ներգործությունը, այդ թվում՝ գիտական խորացված գործակցության միջոցով բոլոր մակարդակներում "
global_targets:14.4---title,"By 2020, effectively regulate harvesting and end overfishing, illegal, unreported and unregulated fishing and destructive fishing practices and implement science-based management plans, in order to restore fish stocks in the shortest time feasible, at least to levels that can produce maximum sustainable yield as determined by their biological characteristics","Մինչև 2020թ. արդյունավետ կերպով կարգավորել ձկնորսությունը և վերջ դնել ձկնային պաշարների սպառմանը, ապօրինի, չգրանցված և չկարգավորվող ձկնորսությանը և ձկնորսական կործանիչ գործելաձևերին և իրականացնել գիտահեն կառավարման պլաններ՝ հնարավորինս ամենակարճ ժամկետներում վերականգնելու ձկնային պաշարները՝ առնվազն մինչև այնպիսի մակարդակների, որպեսզի հնարավոր լինի ըստ իրենց կենսաբանական բնութագրերի առավելագույն, կայուն սերնդատվություն "
global_targets:14.5---title,"By 2020, conserve at least 10 per cent of coastal and marine areas, consistent with national and international law and based on the best available scientific information",Մինչև 2020թ. պահպանել ափամերձ և ծովային տարածքների առնվազն 10 տոկոսը՝ համահունչ ազգային և միջազգային օրենքներին և հիմնվելով լավագույն հասանելի գիտական տեղեկությունների վրա
global_targets:14.6---title,"By 2020, prohibit certain forms of fisheries subsidies which contribute to overcapacity and overfishing, eliminate subsidies that contribute to illegal, unreported and unregulated fishing and refrain from introducing new such subsidies, recognizing that appropriate and effective special and differential treatment for developing and least developed countries should be an integral part of the World Trade Organization fisheries subsidies negotiation","Մինչև 2020թ. արգելել ձկնարդյունաբերական տնտեսությունների սուբսիդիաների որոշ ձևեր, որոնք նպաստում են գերհզորությանը և ձկնային պաշարների սպառմանը, վերացնել սուբսիդիաները, որոնք նպաստում են ապօրինի, չգրանցված և չկարգավորվող ձկնորսությանը, և ձեռնպահ մնալ նույնպիսի նոր սուբսիդիաների ներդրումից՝ ճանաչելով, որ զարգացող և առավել թույլ զարգացած երկրների նկատմամբ պատշաճ և արդյունավետ, հատուկ և տարբերակված վերաբերմունքը պետք է լինի Առևտրի համաշխարհային կազմակերպության՝ ձկնարդյունաբերական տնտեսությունների սոււբսիդիաների վերաբերյալ բանակցությունների անբաժանելի մասը "
global_targets:14.7---title,"By 2030, increase the economic benefits to small island developing States and least developed countries from the sustainable use of marine resources, including through sustainable management of fisheries, aquaculture and tourism","Մինչև 2030թ. մեծացնել ծովային ռեսուրսների կայուն օգտագործումից ստացվող տնտեսական օգուտները զարգացող փոքր կղզի-պետություններին և առավել թույլ զարգացած երկրներին, այդ թվում՝ ձկնային տնտեսությունների, ջրում կենդանիների և բույսերի բուծման (ակվակուլտուրա) և զբոսաշրջության կայուն կառավարման միջոցով "
global_targets:14.a---title,"Increase scientific knowledge, develop research capacity and transfer marine technology, taking into account the Intergovernmental Oceanographic Commission Criteria and Guidelines on the Transfer of Marine Technology, in order to improve ocean health and to enhance the contribution of marine biodiversity to the development of developing countries, in particular small island developing States and least developed countries","Ընդլայնել գիտական գիտելիքները, զարգացնել հետազոտական կարողությունները և փոխանցել ծովային տեխնոլոգիաները՝ հաշվի առնելով Օվկիանոսագրական միջկառավարական հանձնաժողովի չափանիշները և ուղեցույցները ծովային տեխնոլոգիաների փոխանցման վերաբերյալ՝ բարելավելու օվկիանոսների առողջությունը և խթանելու ծովային կենսաբազմազանության ավանդը զարգացող երկրների, մասնավորապես՝ զարգացող փոքր կղզի-պետությունների և առավել թույլ զարգացած երկրների զարգացման գործում"
global_targets:14.b---title,Provide access for small-scale artisanal fishers to marine resources and markets,Ոչ ժամանակակից տեխնիկական միջոցներ ունեցող փոքրածավալ ձկնորսական տնտեսությունների համար հասանելի դարձնել ծովային պաշարները և շուկաները 
global_targets:14.c---title,"Enhance the conservation and sustainable use of oceans and their resources by implementing international law as reflected in the United Nations Convention on the Law of the Sea, which provides the legal framework for the conservation and sustainable use of oceans and their resources, as recalled in paragraph 158 of “The future we want”","Ընդլայնել օվկիանոսների և դրանց ռեսուրսների պահպանումը և կայուն օգտագործումը՝ միջազգային օրենքի իրականացմամբ, ինչպես դա արտացոլված է Ծովային իրավունքի ՄԱԿ¬ի կոնվենցիայում, որը տրամադրում է օվկիանոսների և դրանց ռեսուրսների պահպանման և կայուն օգտագործման իրավական դաշտը՝ ինչպես նշված է «Ապագան, որը մենք ենք ուզում» բանաձևի 158-րդ պարբերությունում"
global_targets:15.1---title,"By 2020, ensure the conservation, restoration and sustainable use of terrestrial and inland freshwater ecosystems and their services, in particular forests, wetlands, mountains and drylands, in line with obligations under international agreements","Մինչև 2020թ. ապահովել ցամաքային էկոհամակարգերի և ցամաքում քաղցրահամ ջրի էկոհամակարգերի և դրանց ծառայությունների պահպանումը, վերականգնումը և կայուն օգտագործումը, մասնավորապես անտառների, ջրաճահճային տարածքների, լեռների և չորային շրջանների՝ համաձայն միջազգային համաձայնագրերով ստանձնած պարտավորությունների "
global_targets:15.2---title,"By 2020, promote the implementation of sustainable management of all types of forests, halt deforestation, restore degraded forests and substantially increase afforestation and reforestation globally","Մինչև 2020թ. խթանել բոլոր տեսակի անտառների կայուն կառավարման ներդրումը, կասեցնել անտառահատումները, վերականգնել դեգրադացված անտառները, էականորեն ավելացնել անտառապատման և անտառվերականգնման ծավալները ողջ աշխարհում "
global_targets:15.3---title,"By 2030, combat desertification, restore degraded land and soil, including land affected by desertification, drought and floods, and strive to achieve a land degradation-neutral world","Մինչև 2030թ. պայքարել անապատացման դեմ, վերականգնել վատթարացած հողերը, այդ թվում՝ անապատացումից, երաշտից և հեղեղումներից վնասված հողերը, ձգտել հասնելու աշխարհում հողերի չեզոք վատթարացման վիճակի"
global_targets:15.4---title,"By 2030, ensure the conservation of mountain ecosystems, including their biodiversity, in order to enhance their capacity to provide benefits that are essential for sustainable development","Մինչև 2030թ. ապահովել լեռնային էկոհամակարգերի, այդ թվում՝ դրանց կենսաբազմազանության պահպանումը՝ մեծացնելու կայուն զարգացման համար էական օգուտներ տրամադրելու դրանց կարողությունները "
global_targets:15.5---title,"Take urgent and significant action to reduce the degradation of natural habitats, halt the loss of biodiversity and, by 2020, protect and prevent the extinction of threatened species","Ձեռնարկել հրատապ և նշանակալի գործողություններ՝ նվազեցնելու բնական ապրելավայրերի դեգրադացումը, կասեցնել կենսաբազմազանության կորուստը և մինչև 2020թ. պաշտպանել վտանգված տեսակները և կանխել դրանց անհետացումը"
global_targets:15.6---title,"Promote fair and equitable sharing of the benefits arising from the utilization of genetic resources and promote appropriate access to such resources, as internationally agreed","Խթանել գենետիկական պաշարների օգտագործումից ստացվող օգուտների արդարացի և հավասար բաշխումը, խթանել այդ պաշարների պատշաճ հասանելիություն՝ ըստ միջազգայնորեն համաձայնեցված կարգի "
global_targets:15.7---title,Take urgent action to end poaching and trafficking of protected species of flora and fauna and address both demand and supply of illegal wildlife products,"Ձեռնարկել անհապաղ գործողություններ՝ վերջ դնելու պահպանվող բուսա  և կենդանատեսակների որսագողությանը և ապօրինի առևտրին ու անդրադառնալ վայրի բնության անօրինական ապրանքների թե՛ պահանջարկի, թե՛ առաջարկի հարցերին "
global_targets:15.8---title,"By 2020, introduce measures to prevent the introduction and significantly reduce the impact of invasive alien species on land and water ecosystems and control or eradicate the priority species","Մինչև 2020թ. միջոցներ ձեռնարկել՝ կանխելու օտար ինվազիվ տեսակների ներմուծումը և զգալիորեն նվազեցնել դրանց ներգործությունը հողային և ջրային էկոհամակարգերի վրա, վերահսկել կամ վերացնել գերակա տեսակները "
global_targets:15.9---title,"By 2020, integrate ecosystem and biodiversity values into national and local planning, development processes, poverty reduction strategies and accounts","Մինչև 2020թ. էկոհամակարգերի և կենսաբազմազանության արժեքները ինտեգրել ազգային և տեղական պլաններում, զարգացման գործընթացներում, աղքատության կրճատման ռազմավարություններում և հաշիվներում "
global_targets:15.a---title,Mobilize and significantly increase financial resources from all sources to conserve and sustainably use biodiversity and ecosystems,Մոբիլիզացնել և զգալիորեն մեծացնել բոլոր աղբյուրներից եկող ֆինանսական միջոցները՝ կենսաբազմազանության և էկոհամակարգերի պահպանման և կայուն օգտագործման նպատակով 
global_targets:15.b---title,"Mobilize significant resources from all sources and at all levels to finance sustainable forest management and provide adequate incentives to developing countries to advance such management, including for conservation and reforestation","Մոբիլիզացնել զգալի միջոցներ բոլոր աղբյուրներից և բոլոր մակարդակներում` ֆինանսավորելու անտառների կայուն կառավարումը և համարժեք խրախուսման միջոցներ տրամադրելու զարգացող երկրներին կայուն կառավարումը զարգացնելու, այդ թվում՝ պահպանման և անտառվերականգնման համար "
global_targets:15.c---title,"Enhance global support for efforts to combat poaching and trafficking of protected species, including by increasing the capacity of local communities to pursue sustainable livelihood opportunities","Խթանել որսագողության և պահպանվող տեսակների ապօրինի առևտրի դեմ պայքարի ջանքերին ցուցաբերվող համընդհանուր աջակցությունը, այդ թվում տեղական համայնքների՝ կայուն կենսամիջոցների հնարավորություններին հետամուտ լինելու կարողությունների մեծացման միջոցով "
global_targets:16.1---title,Significantly reduce all forms of violence and related death rates everywhere,Զգալիորեն նվազեցնել բռնության բոլոր ձևերը և դրանց առնչվող մահերի ցուցանիշը
global_targets:16.10---title,"Ensure public access to information and protect fundamental freedoms, in accordance with national legislation and international agreements",Ապահովել տեղեկատվության հանրային հասանելիությունը և պաշտպանել հիմնարար ազատությունները՝ համաձայն ազգային օրենսդրության և միջազգային համաձայնագրերի 
global_targets:16.2---title,"End abuse, exploitation, trafficking and all forms of violence against and torture of children","Վերջ դնել երեխաների չարաշահմանը, շահագործմանը, թրաֆիքինգին, նրանց դեմ գործադրվող բոլոր տեսակի բռնություններին և խոշտանգումներին "
global_targets:16.3---title,Promote the rule of law at the national and international levels and ensure equal access to justice for all,Խթանել օրենքի գերակայությունը ազգային և միջազգային մակարդակներում և ապահովել արդարադատության հավասար հասանելիություն բոլորի համար 
global_targets:16.4---title,"By 2030, significantly reduce illicit financial and arms flows, strengthen the recovery and return of stolen assets and combat all forms of organized crime","Մինչև 2030թ. զգալիորեն կրճատել ֆինանսների և զենքերի ապօրինի հոսքերը, ուժեղացնել գողացված գույքը հետ վերցնելու և վերադարձնելու գործողությունները և պայքարել կազմակերպված հանցավորության բոլոր ձևերի դեմ "
global_targets:16.5---title,Substantially reduce corruption and bribery in all their forms,Էապես կրճատել կոռուպցիան և կաշառակերությունը իրենց բոլոր ձևերով 
global_targets:16.6---title,"Develop effective, accountable and transparent institutions at all levels","Զարգացնել արդյունավետ, հաշվետու և թափանցիկ հաստատություններ բոլոր մակարդակներում "
global_targets:16.7---title,"Ensure responsive, inclusive, participatory and representative decision-making at all levels","Ապահովել որոշումների կայացման արձագանքող, ներառական, մասնակցային և ներկայացուցչական գործընթաց բոլոր մակարդակներում "
global_targets:16.8---title,Broaden and strengthen the participation of developing countries in the institutions of global governance,Ընդլայնել և ուժեղացնել զարգացող երկրների մասնակցությունը գլոբալ կառավարմամբ հաստատություններին 
global_targets:16.9---title,"By 2030, provide legal identity for all, including birth registration","Մինչև 2030թ. բոլորին տրամադրել իրավաբանական ինքնություն, այդ թվում՝ ծննդի գրանցում "
global_targets:16.a---title,"Strengthen relevant national institutions, including through international cooperation, for building capacity at all levels, in particular in developing countries, to prevent violence and combat terrorism and crime","Ուժեղացնել բոլոր մակարդակների համապատասխան ազգային հաստատությունները, այդ թվում և միջազգային գործակցության միջոցով, զարգացնելու՝ բռնությունները կանխելու և ահաբեկչության ու հանցավորության դեմ պայքարելու կարողությունները մասնավորապես զարգացող երկրներում "
global_targets:16.b---title,Promote and enforce non-discriminatory laws and policies for sustainable development,"Խթանել և կիրարկել ոչ խտրական օրենքներ և  քաղաքականություններ՝ հանուն կայուն զարգացման 
"
global_targets:17.1---title,"Strengthen domestic resource mobilization, including through international support to developing countries, to improve domestic capacity for tax and other revenue collection","Ուժեղացնել ներքին ռեսուրսների մոբիլիզացումը, այդ թվում՝ զարգացող երկրներին ցուցաբերվող միջազգային աջակցության միջոցով՝ բարելավելու հարկերի և այլ եկամուտների հավաքագրումը  "
global_targets:17.10---title,"Promote a universal, rules-based, open, non‐discriminatory and equitable multilateral trading system under the World Trade Organization, including through the conclusion of negotiations under its Doha Development Agenda","Խթանել համընդհանուր, կանոնահեն, բաց, ոչ-խտրական և արդարացի բազմակողմ առևտրային համակարգի ստեղծում Առևտրի համաշխարհային կազմակերպության ներքո, այդ թվում՝ Դոհայի զարգացման օրակարգի բանակցությունների եզրահանգման միջոցով "
global_targets:17.11---title,"Significantly increase the exports of developing countries, in particular with a view to doubling the least developed countries’ share of global exports by 2020","Զգալիորեն ավելացնել զարգացող երկրների արտահանումները, մասնավորապես նպատակ ունենալով մինչև 2020թ. կրկնապատկել առավել թույլ զարգացած երկրների գլոբալ արտահանումների բաժնեմասը "
global_targets:17.12---title,"Realize timely implementation of duty-free and quota-free market access on a lasting basis for all least developed countries, consistent with World Trade Organization decisions, including by ensuring that preferential rules of origin applicable to imports from least developed countries are transparent and simple, and contribute to facilitating market access","Տևական ժամկետով մուտք ապահովել դեպի անմաքս և անքվոտա շուկա բոլոր առավել թույլ զարգացած երկրներին ըստ Առևտրի համաշխարհային կազմակերպության որոշումների, այդ թվում՝ ապահովելով, որ առավել թույլ զարգացած երկրներից ներկրումների նկատմամբ կիրառելի գերադասվող կանոնները լինեն թափանցիկ ու պարզ, և նպաստեն շուկայի մուտքի դյուրացմանը "
global_targets:17.13---title,"Enhance global macroeconomic stability, including through policy coordination and policy coherence","Մեծացնել գլոբալ մակրոտնտեսական կայունությունը, այդ թվում՝ քաղաքականության համակարգման և քաղաքականության փոխշաղկապվածության միջոցով "
global_targets:17.14---title,Enhance policy coherence for sustainable development,Ընդլայնել քաղաքականության փոխշաղկապվածությունը հանուն կայուն զարգացման 
global_targets:17.15---title,Respect each country’s policy space and leadership to establish and implement policies for poverty eradication and sustainable development,Հարգել յուրաքանչյուր երկրի քաղաքականությունների դաշտը և առաջնորդությունը՝ հաստատելու և իրագործելու աղքատության վերացմանն ու կայուն զարգացման ապահովմանն ուղղված ռազմավարություն 
global_targets:17.16---title,"Enhance the Global Partnership for Sustainable Development, complemented by multi-stakeholder partnerships that mobilize and share knowledge, expertise, technology and financial resources, to support the achievement of the Sustainable Development Goals in all countries, in particular developing countries","Խորացնել գլոբալ գործընկերությունը հանուն կայուն զարգացման, լրացված բազմաթիվ շահագրգիռ կողմերի միջև գործընկերությամբ, որոնք մոբիլիզացնում և փոխանակում են գիտելիքներ, փորձագիտություն, տեխնոլոգիաներ և ֆինանսական միջոցներ՝ սատարելու Կայուն զարգացման նպատակների իրագործմանը բոլոր, մասնավորապես ՝ զարգացող երկրներում "
global_targets:17.17---title,"Encourage and promote effective public, public-private and civil society partnerships, building on the experience and resourcing strategies of partnerships","Խրախուսել և խթանել արդյունավետ պետական, պետական-մասնավոր և քաղաքացիական հասարակության գործընկերություններ՝ հիմնվելով վերջիններիս փորձառության և ռեսուրսային ռազմավարությունների վրա "
global_targets:17.18---title,"By 2020, enhance capacity-building support to developing countries, including for least developed countries and small island developing States, to increase significantly the availability of high-quality, timely and reliable data disaggregated by income, gender, age, race, ethnicity, migratory status, disability, geographic location and other characteristics relevant in national contexts","Մինչև 2020թ. մեծացնել կարողությունների զարգացմանն ուղղված օժանդակությունը զարգացող երկրներին, այդ թվում՝ առավել թույլ զարգացած երկրներին և զարգացող փոքր կղզի-պետություններին՝ զգալիորեն ավելացնելու բարձրորակ, ժամանակին և հուսալի տվյալների առկայությունը՝ տարանջատված ըստ եկամտի, սեռի, տարիքի, ռասայի, էթնիկ ծագման, միգրացիոն կարգավիճակի, հաշմանդամություն ունենալու հանգամանքի, աշխարհագրական դիրքի և ազգային համատեքստին վերաբերելի այլ բնութագրերի"
global_targets:17.19---title,"By 2030, build on existing initiatives to develop measurements of progress on sustainable development that complement gross domestic product, and support statistical capacity-building in developing countries","Մինչև 2030թ. գոյություն ունեցող նախաձեռնությունների հիման վրա մշակել կայուն զարգացման ոլորտում գրանցված առաջընթացի չափումներ, որոնք լրացնում են համախառն ներքին արդյունքը, և օժանդակել զարգացող երկրներում վիճակագրական կարողությունների զարգացմանը "
global_targets:17.2---title,"Developed countries to implement fully their official development assistance commitments, including the commitment by many developed countries to achieve the target of 0.7 per cent of gross national income for official development assistance (ODA/GNI) to developing countries and 0.15 to 0.20 per cent of ODA/GNI to least developed countries; ODA providers are encouraged to consider setting a target to provide at least 0.20 per cent of ODA/GNI to least developed countries","Զարգացած երկրները պետք է լիարժեք կերպով կատարեն զարգացմանը պաշտոնական աջակցության իրենց հանձնառությունները, այդ թվում՝ բազմաթիվ զարգացած երկրների հանձնառությունը՝ հասնելու զարգացող երկրներին, որպես իրենց համախառն ներքին եկամտի (ՀՆԵ) 0,7 տոկոսի չափով զարգացմանն ուղղված պաշտոնական օգնություն (ODA/ԶՊՕ) տրամադրելու թիրախին, իսկ առավել թույլ զարգացած երկրներին՝ 0,15-0,20 տոկոս. խրախուսվում է, որ ԶՊՕ տրամադրողները սահմանեն թիրախ՝ առավել թույլ զարգացած երկրներին տրամադրելու առնվազն 0,20 տոկոս  "
global_targets:17.3---title,Mobilize additional financial resources for developing countries from multiple sources,Մոբիլիզացնել բազմաթիվ աղբյուրներից լրացուցիչ ֆինանսական միջոցներ զարգացող երկրների համար 
global_targets:17.4---title,"Assist developing countries in attaining long-term debt sustainability through coordinated policies aimed at fostering debt financing, debt relief and debt restructuring, as appropriate, and address the external debt of highly indebted poor countries to reduce debt distress","Աջակցել զարգացող երկրներին ձեռք բերելու երկարաժամկետ պարտքերի կայունություն՝ ըստ անհրաժեշտության պարտքերի ֆինանսավորմանը, պարտքերի բեռի թեթևացմանը և պարտքերի վերակազմակերպմանը նպաստող համակարգված քաղաքականությունների միջոցով, անդրադառնալ մեծ պարտքեր ունեցող աղքատ երկրների արտաքին պարտքերին՝ մեղմելու պարտքերի առաջացրած առնությունը "
global_targets:17.5---title,Adopt and implement investment promotion regimes for least developed countries,Ընդունել և իրականացնել ներդրումների խթանման ռեժիմներ առավել թույլ զարգացած երկրների համար 
global_targets:17.6---title,"Enhance North-South, South-South and triangular regional and international cooperation on and access to science, technology and innovation and enhance knowledge-sharing on mutually agreed terms, including through improved coordination among existing mechanisms, in particular at the United Nations level, and through a global technology facilitation mechanism","Խորացնել հյուսիս- հարավ, հարավ-հարավ և «եռանկյունաձև» տարածաշրջանային և միջազգային գործակցություն գիտության, տեխնոլոգիաների և նորարարության վերաբերյալ, ընդլայնել գիտելիքների փոխանակումը փոխհամաձայնեցված պայմաններով, այդ թվում՝ գործող մեխանիզմների միջև համակարգումը բարելավելու միջոցով, մասնավորապես՝ ՄԱԿ-ի մակարդակում, ինչպես նաև տեխնոլոգիաների դյուրացման գլոբալ մեխանիզմի միջոցով "
global_targets:17.7---title,"Promote the development, transfer, dissemination and diffusion of environmentally sound technologies to developing countries on favourable terms, including on concessional and preferential terms, as mutually agreed","Զարգացող երկրներում նպաստավոր պայմաններով խթանել բնապահպանորեն անվտանգ տեխնոլոգիաների զարգացումը, փոխանցումը, տարածումն ու ծավալումը, այդ թվում՝ արտոնյալ և գերադասելի պայմաններով՝ ըստ փոխհամաձայնության "
global_targets:17.8---title,"Fully operationalize the technology bank and science, technology and innovation capacity-building mechanism for least developed countries by 2017 and enhance the use of enabling technology, in particular information and communications technology","Լիարժեք կերպով գործարկել տեխնոլոգիական «բանկը» և գիտության, տեխնոլոգիաների ու նորարարության կարողությունների զարգացման մեխանիզմը առավել թույլ զարգացած երկրների համար մինչև 2017թ. և ընդլայնել բարձրարդյունավետ, մասնավորապես՝ տեղեկատվական և հաղորդակցման տեխնոլոգիաների օգտագործումը "
global_targets:17.9---title,"Enhance international support for implementing effective and targeted capacity-building in developing countries to support national plans to implement all the Sustainable Development Goals, including through North-South, South-South and triangular cooperation","Ընդլայնել միջազգային օժանդակությունը՝ զարգացող երկրներում արդյունավետ և հասցեական կարողությունների զարգացում իրականացնելու, աջակցելու ազգային պլանների կողմից Կայուն զարգացման նպատակների իրագործմանը, այդ թվում՝ հյուսիս-հարավ, հարավ-հարավ և «եռանկյունաձև» գործակցության միջոցով "
global_targets:2.1---title,"By 2030, end hunger and ensure access by all people, in particular the poor and people in vulnerable situations, including infants, to safe, nutritious and sufficient food all year round","Մինչև 2030թ. վերջ դնել սովին և ապահովել բոլոր մարդկանց, մասնավորապես աղքատների և  խոցելի իրավիճակներում գտնվող անձանց, այդ թվում՝ մինչև մեկ տարեկան երեխաների համար
անվտանգ, սննդարար և բավարար սննդի մատչելիությունը ողջ տարվա ընթացքում"
global_targets:2.2---title,"By 2030, end all forms of malnutrition, including achieving, by 2025, the internationally agreed targets on stunting and wasting in children under 5 years of age, and address the nutritional needs of adolescent girls, pregnant and lactating women and older persons","Մինչև 2030թ. վերջ դնել թերսնվածության բոլոր ձևերին, այդ թվում՝ մինչև 2025 թ., հասնել մինչև 5 տարեկան երեխաների շրջանում թերաճության և սուր թերսնուցման միջազգայնորեն համաձայնեցված թիրախներին, բավարարել դեռահաս աղջիկների, հղիների և կրծքով կերակրող կանանց սնուցման կարիքները"
global_targets:2.3---title,"By 2030, double the agricultural productivity and incomes of small-scale food producers, in particular women, indigenous peoples, family farmers, pastoralists and fishers, including through secure and equal access to land, other productive resources and inputs, knowledge, financial services, markets and opportunities for value addition and non-farm employment","Մինչև 2030թ. կրկնապատկել փոքր պարեն արտադրողների, մասնավորապես կանանց, տեղաբնիկ ժողովուրդների, ընտանեկան գյուղացիական տնտեսությունների, անասնապահների
և ձկնորսների գյուղատնտեսական արտադրողականությունը ևեկամուտները, այդ թվում՝ հողի, այլ արտադրական ռեսուրսների և ներդրումների, գիտելիքների, ֆինանսական ծառայությունների, արժեքի ավելացման և շուկաների հնարավորությունների և ոչ-գյուղատնտեսական զբաղվածության ապահով և հավասար հասանելիության միջոցով"
global_targets:2.4---title,"By 2030, ensure sustainable food production systems and implement resilient agricultural practices that increase productivity and production, that help maintain ecosystems, that strengthen capacity for adaptation to climate change, extreme weather, drought, flooding and other disasters and that progressively improve land and soil quality","Մինչև 2030թ. ապահովել պարենարտադրության կայուն համակարգեր և ներդնել դիմակայուն գյուղատնտեսական գործելաձևեր, որոնք մեծացնում են արտադրողականությունը և արտադրությունը, օգնում են պահպանել էկոհամակարգերը, ուժեղացնում են կլիմայի փոփոխություններին, ծայրահեղ եղանակային պայմաններին, երաշտին, հեղեղներին և այլ
աղետներին հարմարվելու կարողությունները և շարունակաբար բարելավում հողի որակը"
global_targets:2.5---title,"By 2020, maintain the genetic diversity of seeds, cultivated plants and farmed and domesticated animals and their related wild species, including through soundly managed and diversified seed and plant banks at the national, regional and international levels, and promote access to and fair and equitable sharing of benefits arising from the utilization of genetic resources and associated traditional knowledge, as internationally agreed","Մինչև 2020թ. պահպանել սերմերի, մշակաբույսերի, գյուղատնտեսական և ընտելացված կենդանիների և դրանց վայրի ազգակիցների գենետիկական բազմազանությունը, այդ թվում՝ անվտանգ կերպով կառավարվող և բազմազանեցված սերմերի և բույսերի բանկերի միջոցով
ազգային, տարածաշրջանային և միջազգային մակարդակներում, խթանել գենետիկական պաշարների և առնչվող ավանդական գիտելիքներից ստացվող օգուտների հասանելիությունը և արդարացի ու հավասար բաշխումը՝ միջազգայնորեն համաձայնեցված կերպով"
global_targets:2.a---title,"Increase investment, including through enhanced international cooperation, in rural infrastructure, agricultural research and extension services, technology development and plant and livestock gene banks in order to enhance agricultural productive capacity in developing countries, in particular least developed countries","Ավելացնել, այդ թվում՝ միջազգային խորացված համագործակցության միջոցով, ներդրումները գյուղական ենթակառուցվածքներում, գյուղատնտեսական հետազոտությունների
և գյուղատնտեսության աջակցման ծառայություններում, տեխնոլոգիաների զարգացման
ոլորտում, բույսերի և կենդանիների գենային բանկերում՝ զարգացող երկրներում, մասնավորապես առավել թույլ զարգացած երկրներում գյուղատնտեսական արտադրողականության բարձրացման նպատակով"
global_targets:2.b---title,"Correct and prevent trade restrictions and distortions in world agricultural markets, including through the parallel elimination of all forms of agricultural export subsidies and all export measures with equivalent effect, in accordance with the mandate of the Doha Development Round","Շտկել և կանխել առևտրի սահմանափակումները և խաթարումները աշխարհի գյուղատնտեսական շուկաներում, այդ թվում՝ գյուղատնտեսական արտադրանքի արտահանման սուբսիդիաների և համարժեք հետևանք ունեցող արտահանման բոլոր միջոցառումների բոլոր ձևերի զուգահեռ վերացման միջոցով՝ համաձայն Դոհայի զարգացման օրակարգի"
global_targets:2.c---title,"Adopt measures to ensure the proper functioning of food commodity markets and their derivatives and facilitate timely access to market information, including on food reserves, in order to help limit extreme food price volatility","Հաստատել միջոցառումներ՝ ապահովելու պարենամթերքների շուկաների և դրանց ածանցյալների պատշաճ գործունեությունը և դյուրացնել շուկային, այդ թվում՝ պարենի պահուստներին վերաբերող տեղեկությունների ժամանակին հասանելիությունը՝ պարենի
գների ծայրահեղ տատանումների սահմանափակմանն օժանդակելու նպատակով
"
global_targets:3.1---title,"By 2030, reduce the global maternal mortality ratio to less than 70 per 100,000 live births",Մինչև 2030թ. կրճատել մայրական մահացության համամասնությունը մինչև 70¬ից ցածր՝ 100 հազար կենդանածնի հաշվով
global_targets:3.2---title,"By 2030, end preventable deaths of newborns and children under 5 years of age, with all countries aiming to reduce neonatal mortality to at least as low as 12 per 1,000 live births and under‐5 mortality to at least as low as 25 per 1,000 live births","Մինչև 2030թ. վերջ դնել նորածինների և մինչև 5 տարեկան երեխաների կանխարգելելի մահերին. բոլոր երկրները պետք է նպատակ ունենան նվազեցնել վաղ նորածնային մահացությունը առնվազն մինչև 12¬ից ցածր՝ 1000 կենդանածնի հաշվով, իսկ մինչև 5 տարեկան երեխաների մահացությունը՝ առնվազն մինչև 25¬ի՝ 1000 կենդանածնի հաշվով "
global_targets:3.3---title,"By 2030, end the epidemics of AIDS, tuberculosis, malaria and neglected tropical diseases and combat hepatitis, water-borne diseases and other communicable diseases","Մինչև 2030թ. վերջ դնել ՁԻԱՀ¬ի, տուբերկուլյոզի, մալարիայի և անտեսված արևադարձային հիվանդությունների համաճարակներին և պայքարել հեպատիտի, ջրի միջոցով փոխանցվող հիվանդությունների և այլ վարակիչ հիվանդությունների դեմ "
global_targets:3.4---title,"By 2030, reduce by one third premature mortality from non-communicable diseases through prevention and treatment and promote mental health and well-being","Մինչև 2030թ. մեկ երրորդով կրճատել վաղաժամ մահացությունը ոչ վարակիչ հիվանդություններից՝ կանխարգելման և բուժման միջոցով, և խթանել հոգեկան առողջությունը և բարեկեցությունը"
global_targets:3.5---title,"Strengthen the prevention and treatment of substance abuse, including narcotic drug abuse and harmful use of alcohol","Ուժեղացնել թմրամիջոցների չարաշահման կանխարգելումը և բուժումը, այդ թվում՝ թմրադեղերի չարաշահումը և ոգելից խմիչքների վնասաբեր օգտագործումը "
global_targets:3.6---title,"By 2020, halve the number of global deaths and injuries from road traffic accidents",Մինչև 2020թ. աշխարհում կիսով չափ կրճատել ճանապարհատրանսպորտային պատահարներից մահերի և վիրավորվելու դեպքերի թիվը 
global_targets:3.7---title,"By 2030, ensure universal access to sexual and reproductive health-care services, including for family planning, information and education, and the integration of reproductive health into national strategies and programmes","Մինչև 2030թ. ապահովել սեռական և վերարտադրողական առողջության պահպանման ծառայությունների համընդհանուր հասանելիություն, այդ թվում՝ ընտանիքի պլանավորման, տեղեկատվության և կրթության, ինչպես նաև վերարտադրողական առողջության ինտեգրումը ազգային ռազմավարություններում և ծրագրերում "
global_targets:3.8---title,"Achieve universal health coverage, including financial risk protection, access to quality essential health-care services and access to safe, effective, quality and affordable essential medicines and vaccines for all","Հասնել առողջապահության համընդհանուր ընդգրկմանը, այդ թվում՝ պաշտպանություն ֆինանսական ռիսկերից, որակյալ էական առողջապահական ծառայությունների հասանելիություն և անվտանգ, արդյունավետ, որակյալ և մատչելի կարևոր դեղորայքի և պատվաստանյութերի հասանելիություն բոլորի համար "
global_targets:3.9---title,"By 2030, substantially reduce the number of deaths and illnesses from hazardous chemicals and air, water and soil pollution and contamination","Մինչև 2030թ. էականորեն կրճատել վտանգավոր քիմիական նյութերի և օդի, ջրի և հողի աղտոտման և թունավորման հետևանքով մահերի և հիվանդությունների թիվը "
global_targets:3.a---title,"Strengthen the implementation of the World Health Organization Framework Convention on Tobacco Control in all countries, as appropriate",Ուժեղացնել Առողջապահության համաշխարհային կազմակերպության Ծխախոտի դեմ պայքարի շրջանակային կոնվենցիայի իրականացումը բոլոր երկրներում՝ ըստ անհրաժեշտության 
global_targets:3.b---title,"Support the research and development of vaccines and medicines for the communicable and non‐communicable diseases that primarily affect developing countries, provide access to affordable essential medicines and vaccines, in accordance with the Doha Declaration on the TRIPS Agreement and Public Health, which affirms the right of developing countries to use to the full the provisions in the Agreement on Trade-Related Aspects of Intellectual Property Rights regarding flexibilities to protect public health, and, in particular, provide access to medicines for all","Օժանդակել պատվաստանյութերի և դեղորայքի հետազոտություններին և զարգացմանը վարակիչ և ոչ վարակիչ հիվանդությունների դեմ, որոնցից հիմնականում տուժում են զարգացող երկրները, հասանելի դարձնել մատչելի էական դեղորայքը և պատվաստանյութերը համաձայն Մտավոր սեփականության իրավունքների առևտրային ասպեկտներին վերաբերող (TRIPS) համաձայնագրի և հանրային առողջապահության վերաբերյալ Դոհայի հռչակագրի, որը հաստատում է զարգացող երկրների իրավունքը՝ լիարժեք կերպով օգտագործե¬լու Համաձայնագրի՝ մտավոր սեփականության իրավունքների` առևտրին առնչվող հայեցակետերի մասին դրույթները, որոնք վերաբերում են հանրային առողջության պահպանման ճկուն եղանակներին, և, մասնավորապես, հասանելի դարձնել դեղորայքը բոլորի համար "
global_targets:3.c---title,"Substantially increase health financing and the recruitment, development, training and retention of the health workforce in developing countries, especially in least developed countries and small island developing States","Էականորեն ավելացնել առողջապահության ֆինանսավորումը և բուժանձնակազմի հավաքագրումը, զարգացումը, վերապատրաստումը և պահպանումը զարգացող երկրներում, հատկապես առավել թույլ զարգացած երկրներում և զարգացող փոքր կղզի-պետություններում "
global_targets:3.d---title,"Strengthen the capacity of all countries, in particular developing countries, for early warning, risk reduction and management of national and global health risks","Ուժեղացնել բոլոր երկրների, մասնավորապես զարգացող երկրների՝ վաղ նախազգուշացման, ռիսկերի նվազեցման և ազգային և գլոբալ առողջապահական ռիսկերի կառավարման կարողությունները "
global_targets:4.1---title,"By 2030, ensure that all girls and boys complete free, equitable and quality primary and secondary education leading to relevant and effective learning outcomes","Մինչև 2030թ. ապահովել, որ բոլոր աղջիկները և տղաները ստանան անվճար, համապատասխան և որակյալ տարրական և միջնակարգ կրթություն, որը հանգեցնում է պատշաճ և արդյունավետ ուսումնառության նպատակների "
global_targets:4.2---title,"By 2030, ensure that all girls and boys have access to quality early childhood development, care and pre‐primary education so that they are ready for primary education","Մինչև 2030թ. ապահովել, որ բոլոր աղջիկների և տղաների համար հասանելի լինեն որակյալ վաղ մանկության զարգացման հնարավորությունները, խնամքը և նախադպրոցական կրթությունը, որպեսզի նրանք պատրաստ լինեն տարրական կրթության "
global_targets:4.3---title,"By 2030, ensure equal access for all women and men to affordable and quality technical, vocational and tertiary education, including university","Մինչև 2030թ. բոլոր կանանց և տղամարդկանց համար ապահովել մատչելի և որակյալ տեխնիկական, միջին-մասնագիտական և բարձրագույն, այդ թվում՝ համալսարանական կրթության հավասար հասանելիություն "
global_targets:4.4---title,"By 2030, substantially increase the number of youth and adults who have relevant skills, including technical and vocational skills, for employment, decent jobs and entrepreneurship","Մինչև 2030թ. էապես ավելացնել երիտասարդների և մեծահասակների թիվը, ովքեր ունեն պատշաճ, այդ թվում՝ տեխնիկական և միջին¬մասնագիտական հմտություններ՝ զբաղվածություն, արժանապատիվ աշխատանք գտնելու և ձեռներեցությամբ զբաղվելու համար "
global_targets:4.5---title,"By 2030, eliminate gender disparities in education and ensure equal access to all levels of education and vocational training for the vulnerable, including persons with disabilities, indigenous peoples and children in vulnerable situations","Մինչև 2030թ. վերացնել գենդերային անհավասարությունները կրթության ոլորտում և ապահովել հավասար հասանելիություն ուսման և միջին¬մասնագիտական կրթության բոլոր մակարդակներում խոցելիների, այդ թվում՝ հաշմանդամություն ունեցող անձանց, տեղաբնիկ ժողովուրդների և խոցելի իրավիճակներում գտնվող երեխաների  
համար"
global_targets:4.6---title,"By 2030, ensure that all youth and a substantial proportion of adults, both men and women, achieve literacy and numeracy","Մինչև 2030թ. ապահովել, որ պատանիները և մեծահասակների զգալի հատվածը՝ թե՛ տղամարդիկ, թե՛ կանայք, դառնան տառաճանաչ և թվաճանաչ"
global_targets:4.7---title,"By 2030, ensure that all learners acquire the knowledge and skills needed to promote sustainable development, including, among others, through education for sustainable development and sustainable lifestyles, human rights, gender equality, promotion of a culture of peace and non-violence, global citizenship and appreciation of cultural diversity and of culture’s contribution to sustainable development","Մինչև 2030թ. ապահովել, որ բոլոր սովորողները ձեռք բերեն կայուն զարգացումը խթանելու համար անհրաժեշտ գիտելիքներ և հմտություններ, այդ թվում, ի թիվս այլոց, կայուն զարգացման և կայուն կենսակերպի, մարդու իրավունքների, գենդերային հավասարության, խաղաղության և բռնությունը մերժող մշակույթի խթանման, աշխարհի քաղաքացիության, ինչպես նաև մշակութային բազմազանության և կայուն զարգացման մեջ մշակույթի ունեցած ավանդը գնահատող  
ուսուցմամբ"
global_targets:4.a---title,"Build and upgrade education facilities that are child, disability and gender sensitive and provide safe, non-violent, inclusive and effective learning environments for all","Կառուցել և վերազինել ուսումնական հաստատությունների շենքային հարմարությունները, որոնցում հաշվի են առնված երեխաների, հաշմանդամների և գենդերային տարբերությունների առանձնահատկությունները, և որոնք ապահովում են անվտանգ, բռնությունից զերծ, ներառական և արդյունավետ ուսումնառության միջավայր բոլորի համար "
global_targets:4.b---title,"By 2020, substantially expand globally the number of scholarships available to developing countries, in particular least developed countries, small island developing States and African countries, for enrolment in higher education, including vocational training and information and communications technology, technical, engineering and scientific programmes, in developed countries and other developing countries","Մինչև 2020թ. էականորեն և գլոբալ ընդգրկումով ավելացնել զարգացող երկրներին տրամադրվող կրթաթոշակները, մասնավորապես առավել թույլ զարգացած երկրներին, զարգացող փոքր կղզի-պետություններին և աֆրիկյան երկրներին՝ բարձրագույն կրթության համակարգում, այդ թվում՝ միջին-մասնագիտական ուսուցման, տեղեկատվական և հաղորդակցման տեխնոլոգիաների, տեխնիկական, ճարտարագիտական և գիտական ծրագրերում ընդգրկվելու նպատակով՝ զարգացած երկրներում և այլ զարգացող երկրներում "
global_targets:4.c---title,"By 2030, substantially increase the supply of qualified teachers, including through international cooperation for teacher training in developing countries, especially least developed countries and small island developing States","Մինչև 2030թ. զարգացող երկրներում, հատկապես առավել թույլ զարգացած երկրներում և զարգացող փոքր կղզի-պետություններում էականորեն ավելացնել որակավորված ուսուցիչների թվաքանակը, այդ թվում՝ ուսուցիչների պատրաստման նպատակով ստեղծվող միջազգային գործակցության միջոցով "
global_targets:5.1---title,End all forms of discrimination against all women and girls everywhere,Ամենուր վերջ դնել բոլոր կանանց և աղջիկների նկատմամբ գործադրվող խտրականության բոլոր ձևերին 
global_targets:5.2---title,"Eliminate all forms of violence against all women and girls in the public and private spheres, including trafficking and sexual and other types of exploitation","Վերացնել բոլոր կանանց և աղջիկների հանդեպ գործադրվող բռնության բոլոր ձևերը պետական և մասնավոր ոլորտներում, այդ թվում՝ թրաֆիքինգը և սեռական ու շահագործման այլ տեսակները "
global_targets:5.3---title,"Eliminate all harmful practices, such as child, early and forced marriage and female genital mutilation","Վերացնել բոլոր վնասակար գործելաձևերը, ինչպիսիք են երեխաների, վաղ և հարկադրյալ ամուսնությունները և կանանց սեռական օրգանների խեղումը "
global_targets:5.4---title,"Recognize and value unpaid care and domestic work through the provision of public services, infrastructure and social protection policies and the promotion of shared responsibility within the household and the family as nationally appropriate","Ճանաչել և արժևորել չվարձատրվող տնային և խնամքի աշխատանքը՝ հանրային ծառայությունների տրամադրման, ենթակառուցվածքների և սոցիալական պաշտպանության քաղաքականությունների և տնային տնտեսությունում կամ ընտանիքում, ինչպես հատուկ է տվյալ երկրին, համատեղ պատասխանատվության խթանման միջոցով "
global_targets:5.5---title,"Ensure women’s full and effective participation and equal opportunities for leadership at all levels of decision-making in political, economic and public life","Ապահովել կանանց լիարժեք և արդյունավետ մասնակցությունը և հավասար հնարավորությունները քաղաքական, տնտեսական և հանրային կյանքում որոշումների կայացման բոլոր մակարդակներում ղեկավար դիրք զբաղեցնելու համար "
global_targets:5.6---title,Ensure universal access to sexual and reproductive health and reproductive rights as agreed in accordance with the Programme of Action of the International Conference on Population and Development and the Beijing Platform for Action and the outcome documents of their review conferences,"Ապահովել սեռական և վերարտադրողական առողջության պահպանման ծառայությունների և վերարտադրողական իրավունքների համընդհանուր հասանելիություն, ինչպես համաձայնեցվել է ըստ Բնակչության և զարգացման հիմնահարցերին նվիրված միջազգային խորհրդաժողովի գործողությունների ծրագրի և Պեկինյան գործողությունների ծրագրի ու դրանց վերանայման խորհրդաժողովների ելքային փաստաթղթերի "
global_targets:5.a---title,"Undertake reforms to give women equal rights to economic resources, as well as access to ownership and control over land and other forms of property, financial services, inheritance and natural resources, in accordance with national laws","Ձեռնարկել բարեփոխումներ՝ կանանց տրամադըրելու հավասար իրավունքներ տնտեսական ռեսուրսների նկատմամբ, ինչպես նաև հողի և գույքի այլ ձևերի նկատմամբ սեփականության և վերահսկողության, ֆինանսական ծառայություններից, ժառանգությունից և բնական պաշարներից օգտվելու իրավունքներ՝ ներպետական օրենքների համաձայն "
global_targets:5.b---title,"Enhance the use of enabling technology, in particular information and communications technology, to promote the empowerment of women","Ընդլայնել բարձրարդյունավետ, մասնավորապես՝ տեղեկատվական և հաղորդակցման տեխնոլոգիաների օգտագործումը՝ կանանց զորացումը խթանելու նպատակով "
global_targets:5.c---title,Adopt and strengthen sound policies and enforceable legislation for the promotion of gender equality and the empowerment of all women and girls at all levels,Ընդունել և ամրապնդել առողջ քաղաքականություն և կիրարկելի օրենսդրություն՝ գենդերային հավասարության խթանման և բոլոր մակարդակներում բոլոր կանանց և աղջիկների զորացման նպատակով 
global_targets:6.1---title,"By 2030, achieve universal and equitable access to safe and affordable drinking water for all",Մինչև 2030թ. ձեռք բերել անվտանգ և մատչելի խմելու ջրի համընդհանուր և հավասար հասանելիություն բոլորի համար
global_targets:6.2---title,"By 2030, achieve access to adequate and equitable sanitation and hygiene for all and end open defecation, paying special attention to the needs of women and girls and those in vulnerable situations","Մինչև 2030թ. ձեռք բերել համարժեք և հավասար սանիտարահիգիենիկ պայմաններ բոլորի համար, և վերջ դնել բնական կարիքները դրսում հոգալուն, հատուկ ուշադրություն դարձնելով կանանց, աղջիկների և խոցելի իրավիճակներում գտնվողների կարիքներին "
global_targets:6.3---title,"By 2030, improve water quality by reducing pollution, eliminating dumping and minimizing release of hazardous chemicals and materials, halving the proportion of untreated wastewater and substantially increasing recycling and safe reuse globally","Մինչև 2030թ. բարելավել ջրի որակը՝ կրճատելով աղտոտումը, վերացնելով վտանգավոր քիմիկատներ և նյութեր թափելը և նվազեցնելով դրանց արտահոսքերը, կիսով չափ կրճատելով չմաքրվող կեղտաջրերի համամասնությունը և էականորեն մեծացնելով վերամշակումը և անվտանգ վերօգտագործումն ամբողջ աշխարհում "
global_targets:6.4---title,"By 2030, substantially increase water-use efficiency across all sectors and ensure sustainable withdrawals and supply of freshwater to address water scarcity and substantially reduce the number of people suffering from water scarcity",Մինչև 2030թ. էականորեն մեծացնել ջրօգտագործման արդյունավետությունը բոլոր ոլորտներում և ապահովել քաղցրահամ ջրի կայուն ջրառը և ջրամատակարարումը՝ լուծելու սակավաջրության խնդիրը և էականորեն կրճատել սակավաջրությունից տառապող մարդկանց թիվը 
global_targets:6.5---title,"By 2030, implement integrated water resources management at all levels, including through transboundary cooperation as appropriate","Մինչև 2030թ. իրականացնել ջրային ռեսուրսների համապարփակ կառավարում բոլոր մակարդակներում, այդ թվում՝ համապատասխան դեպքերում, անդրսահմանային գործակցության միջոցով "
global_targets:6.6---title,"By 2020, protect and restore water-related ecosystems, including mountains, forests, wetlands, rivers, aquifers and lakes","Մինչև 2020թ. պաշտպանել և վերականգնել ջրաէկոհամակարգերը, այդ թվում՝ լեռները, անտառները, ջրաճահճային տարածքները, գետերը, ջրաբեր շերտերը և լճերը "
global_targets:6.a---title,"By 2030, expand international cooperation and capacity-building support to developing countries in water- and sanitation-related activities and programmes, including water harvesting, desalination, water efficiency, wastewater treatment, recycling and reuse technologies","Մինչև 2030թ. ընդլայնել միջազգային գործակցությունը և զարգացող երկրներին ցուցաբերվող կարողությունների զարգացմանն ուղղված օժանդակությունը ջրամատակարարմանը և ջրահեռացմանն առնչվող աշխատանքներում և ծրագրերում, այդ թվում՝ ջրի հավաքում, աղազերծում, ջրի խնայողություն, կեղտաջրերի մաքրում, վերամշակման և վերօգտագործման տեխնոլոգիաներ "
global_targets:6.b---title,Support and strengthen the participation of local communities in improving water and sanitation management,Սատարել և ուժեղացնել տեղական համայնքների մասնակցությունը ջրամատակարարման և ջրահեռացման կառավարման բարելավմանը 
global_targets:7.1---title,"By 2030, ensure universal access to affordable, reliable and modern energy services","Մինչև 2030թ. ապահովել մատչելի, հուսալի և ժամանակակից էներգետիկ ծառայությունների համընդհանուր հասանելիություն "
global_targets:7.2---title,"By 2030, increase substantially the share of renewable energy in the global energy mix",Մինչև 2030թ. էապես մեծացնել վերականգնվող էներգիայի համամասնությունը էներգիայի տարբեր տեսակների համադրության մեջ ամբողջ աշխարհում 
global_targets:7.3---title,"By 2030, double the global rate of improvement in energy efficiency",Մինչ և 2030թ. կրկնապատկել էներգաարդյունավետության բարելավման գլոբալ մակարդակը 
global_targets:7.a---title,"By 2030, enhance international cooperation to facilitate access to clean energy research and technology, including renewable energy, energy efficiency and advanced and cleaner fossil-fuel technology, and promote investment in energy infrastructure and clean energy technology","Մինչև 2030թ. խորացնել միջազգային գործակցությունը՝ դյուրացնելու մաքուր էներգիայի, այդ թվում՝ վերականգնվող էներգիայի հետազոտման և տեխնոլոգիաների, էներգաարդյունավետության և զարգացած ու ավելի մաքուր հանածո վառելիքի տեխնոլոգիաների հասանելիությունը, խթանել ներդրումները էներգետիկ ենթակառուցվածքներում և մաքուր էներգիայի տեխնոլոգիաներում "
global_targets:7.b---title,"By 2030, expand infrastructure and upgrade technology for supplying modern and sustainable energy services for all in developing countries, in particular least developed countries, small island developing States and landlocked developing countries, in accordance with their respective programmes of support","Մինչև 2030թ. ընդլայնել ենթակառուցվածքները և արդիականացնել տեխնոլոգիաները՝ ժամանակակից և կայուն էներգետիկ ծառայություններ մատուցելու բոլորին զարգացող երկրներում, մասնավորապես՝ առավել թույլ զարգացած երկրներում, զարգացող փոքր կղզի-պետություններում և դեպի ծով ելք չունեցող զարգացող երկրներում՝ համաձայն վերջիններիս համապատասխան օժանդակության  ծրագրերի "
global_targets:8.1---title,"Sustain per capita economic growth in accordance with national circumstances and, in particular, at least 7 per cent gross domestic product growth per annum in the least developed countries","Պահպանել մեկ շնչին ընկնող տնտեսական աճը համաձայն ներպետական հանգամանքների, և, մասնավորապես, համախառն ներքին արդյունքի տարեկան առնվազն 7 տոկոս աճ առավել թույլ զարգացած երկրներում  "
global_targets:8.10---title,"Strengthen the capacity of domestic financial institutions to encourage and expand access to banking, insurance and financial services for all","Հզորացնել ներպետական ֆինանսական կառույցների կարողությունները՝ խրախուսելու և ընդլայնելու բանկային, ապահովագրական և ֆինանսական ծառայությունների հասանելիությունը բոլորի համար "
global_targets:8.2---title,"Achieve higher levels of economic productivity through diversification, technological upgrading and innovation, including through a focus on high-value added and labour-intensive sectors","Հասնել տնտեսական արտադրողականության ավելի բարձր մակարդակների՝ բազմազանեցման, տեխնոլոգիաների արդիականացման և նորարարությունների միջոցով, այդ թվում՝ բարձր ավելացված արժեք ունեցող և աշխատատար ոլորտներում  "
global_targets:8.3---title,"Promote development-oriented policies that support productive activities, decent job creation, entrepreneurship, creativity and innovation, and encourage the formalization and growth of micro-, small- and medium-sized enterprises, including through access to financial services","Խթանել զարգացմանը միտված քաղաքականություններ, որոնք օժանդակում են արտադրողական աշխատանքին, արժանապատիվ աշխատատեղերի ստեղծմանը, ձեռներեցությանը, ստեղծագործական և նորարարական մոտեցմանը, խրախուսել միկրո, փոքր և միջին ձեռնարկությունների ֆորմալացումն ու աճը, այդ թվում՝ ֆինանսական ծառայությունների հասանելիության միջոցով "
global_targets:8.4---title,"Improve progressively, through 2030, global resource efficiency in consumption and production and endeavour to decouple economic growth from environmental degradation, in accordance with the 10‐Year Framework of Programmes on Sustainable Consumption and Production, with developed countries taking the lead","Մինչև 2030թ. շարունակաբար բարելավել գլոբալ ռեսուրսների արդյունավետությունը սպառման և արտադրության մեջ, ձգտել տնտեսական աճը առանձնացնել շրջակա միջավայրի վատթարացումից՝ համաձայն Կայուն սպառման և արտադրության ծրագրերի տասնամյա շրջանակի, զարգացած երկրների առաջատարությամբ "
global_targets:8.5---title,"By 2030, achieve full and productive employment and decent work for all women and men, including for young people and persons with disabilities, and equal pay for work of equal value","Մինչև 2030թ. հասնել լիարժեք և արտադրողական զբաղվածության և արժանապատիվ աշխատանքի բոլոր կանանց և տղամարդկանց, այդ թվում՝ երիտասարդների և հաշմանդամություն ունեցող անձանց համար, ինչպես նաև հավասար վարձատրություն՝ հավասարարժեք աշխատանքի դիմաց "
global_targets:8.6---title,"By 2020, substantially reduce the proportion of youth not in employment, education or training","Մինչև 2020թ. էապես կրճատել զբաղվածություն չունեցող, կրթություն կամ ուսուցում չստացող երիտասարդների համամասնությունը "
global_targets:8.7---title,"Take immediate and effective measures to eradicate forced labour, end modern slavery and human trafficking and secure the prohibition and elimination of the worst forms of child labour, including recruitment and use of child soldiers, and by 2025 end child labour in all its forms","Ձեռնարկել անհապաղ և արդյունավետ միջոցառումներ՝ իսպառ վերացնելու հարկադրյալ աշխատանքը, վերջ դնելու ժամանակակից ստրկությանը և մարդկանց թրաֆիքինգին, ապահովելու երեխայի աշխատանքի վատթարագույն ձևերի, այդ թվում՝ մանուկ զինվորների հավաքագրման և օգտագործման արգելումն ու վերացումը, ինչպես նաև մինչև 2025թ. վերջ դնել երեխայի աշխատանքին իր բոլոր ձևերով "
global_targets:8.8---title,"Protect labour rights and promote safe and secure working environments for all workers, including migrant workers, in particular women migrants, and those in precarious employment","Պաշտպանել աշխատանքային իրավունքները և խթանել անվտանգ և ապահով աշխատանքային միջավայր բոլոր աշխատավորների, այդ թվում՝ միգրանտ աշխատավորների, մասնավորապես կին միգրանտների և անկայուն զբաղվածություն ունեցողների համար "
global_targets:8.9---title,"By 2030, devise and implement policies to promote sustainable tourism that creates jobs and promotes local culture and products","Մինչև 2030թ. մշակել և իրականացնել ռազմավարություն՝ խթանելու կայուն զբոսաշրջությունը, որն ստեղծում է աշխատատեղեր և խթանում տեղական մշակույթն ու արտադրատեսակները "
global_targets:8.a---title,"Increase Aid for Trade support for developing countries, in particular least developed countries, including through the Enhanced Integrated Framework for Trade-related Technical Assistance to Least Developed Countries","Մեծացնել «Օգնություն առևտրին» նախաձեռնության շրջանակում տրամադրվող աջակցությունը զարգացող երկրներին, մասնավորապես առավել թույլ զարգացած երկրներին, այդ թվում՝ «Առավել թույլ զարգացած երկրներին առևտրին առնչվող խորհրդատվական օժանդակության ընդլայնված և ինտեգրված շրջանակ»¬ի միջոցով "
global_targets:8.b---title,"By 2020, develop and operationalize a global strategy for youth employment and implement the Global Jobs Pact of the International Labour Organization",Մինչև 2020թ. մշակել և գործարկել երիտասարդների զբաղվածության գլոբալ ռազմավարություն և իրականացնել Աշխատանքի միջազգային կազմակերպության «Աշխատատեղերի վերաբերյալ գլոբալ պակտը» 
global_targets:9.1---title,"Develop quality, reliable, sustainable and resilient infrastructure, including regional and transborder infrastructure, to support economic development and human well-being, with a focus on affordable and equitable access for all","Մշակել որակյալ, հուսալի, կայուն և դիմակայուն, այդ թվում՝ տարածաշրջանային և անդրսահմանային ենթակառուցվածքներ՝ օժանդակելու տնտեսական զարգացմանը և մարդկանց բարեկեցությանը, ուշադրության կենտրոնում պահելով մատչելի և արդարացի հասանելիություն բոլորի համար "
global_targets:9.2---title,"Promote inclusive and sustainable industrialization and, by 2030, significantly raise industry’s share of employment and gross domestic product, in line with national circumstances, and double its share in least developed countries","Խթանել ներառական և կայուն արդյունաբերության զարգացումը և մինչև 2030թ. զգալիորեն մեծացնել զբաղվածության և համախառն ներքին արդյունքի մեջ արդյունաբերության բաժնեմասը՝ ազգային հանգամանքներին համահունչ կերպով, և կրկնապատկել արդյունաբերության բաժնեմասը առավել թույլ զարգացած երկրներում "
global_targets:9.3---title,"Increase the access of small-scale industrial and other enterprises, in particular in developing countries, to financial services, including affordable credit, and their integration into value chains and markets","Փոքրածավալ արդյունաբերական և այլ ձեռնարկությունների համար, մասնավորապես զարգացող երկրներում, ավելի հասանելի դարձնել ֆինանսական ծառայությունները, այդ թվում՝ մատչելի վարկերը, մեծացնել դրանց ինտեգրումը արժեքի շղթաներում և շուկաներում "
global_targets:9.4---title,"By 2030, upgrade infrastructure and retrofit industries to make them sustainable, with increased resource-use efficiency and greater adoption of clean and environmentally sound technologies and industrial processes, with all countries taking action in accordance with their respective capabilities","Մինչև 2030թ. արդիականացնել ենթակառուցվածքները և վերազինել ձեռնարկությունները՝ դրանք դարձնելու կայուն՝ ռեսուրսների օգտագործման ավելի բարձր արդյունավետությամբ և մաքուր, շրջակա միջավայրի համար անվտանգ տեխնոլոգիաների և գործընթացների առավել լայն ընդունմամբ՝ բոլոր երկրների ձեռնարկած գործողությունների շնորհիվ՝ իրենց համապատասխան հզորությունների համաձայն"
global_targets:9.5---title,"Enhance scientific research, upgrade the technological capabilities of industrial sectors in all countries, in particular developing countries, including, by 2030, encouraging innovation and substantially increasing the number of research and development workers per 1 million people and public and private research and development spending","Ընդլայնել գիտահետազոտական աշխատանքները, արդիականացնել տեխնոլոգիական հնարավորությունները արդյունաբերության ճյուղերում բոլոր՝ մասնավորապես՝ զարգացող երկրներում, այդ թվում՝ մինչև 2030թ. խրախուսել նորարարությունները և էապես ավելացնել գիտահետազոտական և զարգացման ոլորտի աշխատողների թիվը 1 մլն մարդու հաշվով, մեծացնել գիտահետազոտական և զարգացման աշխատանքների վրա կատարվող պետական և մասնավոր ծախսերը  "
global_targets:9.a---title,"Facilitate sustainable and resilient infrastructure development in developing countries through enhanced financial, technological and technical support to African countries, least developed countries, landlocked developing countries and small island developing States","Դյուրացնել կայուն և դիմակայուն ենթակառուցվածքների զարգացումը զարգացող երկրներում՝ ցուցաբերելով ընդլայնված ֆինանսական, տեխնոլոգիական և փորձագիտական օժանդակություն  աֆրիկյան երկրներին, առավել թույլ զարգացած երկրներին, դեպի ծով ելք չունեցող զարգացող երկրներին և զարգացող փոքր կղզի-պետություններին "
global_targets:9.b---title,"Support domestic technology development, research and innovation in developing countries, including by ensuring a conducive policy environment for, inter alia, industrial diversification and value addition to commodities","Օժանդակել հայրենական տեխնոլոգիաների զարգացմանը, գիտահետազոտական աշխատանքներին և նորարարությանը զարգացող երկրներում, այդ թվում՝ ապահովելով քաղաքականությունների առումով նպաստավոր միջավայր, ի թիվս այլոց, արդյունաբերության բազմազանեցման և հումքային ապրանքներին արժեքի ավելացման համար "
global_targets:9.c---title,Significantly increase access to information and communications technology and strive to provide universal and affordable access to the Internet in least developed countries by 2020,Զգալիորեն մեծացնել տեղեկատվական և հաղորդակցման տեխնոլոգիաների հասանելիությունը և ձգտել տրամադրել համացանցի համընդհանուր և մատչելի հասանելիություն առավել թույլ զարգացած երկրներին մինչև 2020թ. 
header:alpha,Alpha,Ալֆա
header:disclaimer,"This is a development website. We welcome your <a href=""mailto:%email_address"">feedback</a>.","Սա մշակման վեբ կայք է: Մենք ողջունում ենք ձեր <a href=""mailto:%email_address""> հետադարձ կապը  "
header:skip_link,Skip to main content,Անցեք հիմնական բովանդակությանը 
header:tag_line,17 Goals to Transform our World,17 նպատակներ մեր աշխարհը փոխակերպելու համար
metadata_fields:comments_limitations,Other information,Այլ տեղեկություններ 
metadata_fields:computation_calculations,Calculations,Հաշվարկներ 
metadata_fields:computation_definitions,Definitions,Սահմանումներ 
metadata_fields:computation_units,Unit of measurement,Չափման միավորը 
metadata_fields:goal_meta_link,Link to UN metadata,Հղում ՄԱԿ-ի մետատվյալների
metadata_fields:indicator,Indicator number,Ցուցանիշի համարը 
metadata_fields:indicator_definition,Global indicator description,Գլոբալ ցուցանիշի նկարագրությունը 
metadata_fields:indicator_name,Indicator name,Ցուցանիշի անվանումը 
metadata_fields:indicator_sort_order,Indicator display order (within Goal page),Ցուցանիշի ցուցադրման կարգը (Նպատակների էջում) 
metadata_fields:national_data_update_url,Data last updated,Տվյալները վերջին անգամ թարմացվել են 
metadata_fields:national_geographical_coverage,Geographical coverage,Աշխարհագրական ընդգրկունություն 
metadata_fields:national_indicator_available,Indicator available,Առկա ցուցանիշ
metadata_fields:national_indicator_description,Indicator description,Ցուցանիշի նկարագիր 
metadata_fields:national_metadata_update_url,Metadata last updated,Մետատվյալները վերջին անգան թարմացվել են 
metadata_fields:source_contact_1,Contact details,Կոնտակտային տվյալներ
metadata_fields:source_contact_2,Contact details,Կոնտակտային տվյալներ
metadata_fields:source_contact_3,Contact details,Կոնտակտային տվյալներ
metadata_fields:source_contact_4,Contact details,Կոնտակտային տվյալներ
metadata_fields:source_contact_5,Contact details,Կոնտակտային տվյալներ
metadata_fields:source_contact_6,Contact details,Կոնտակտային տվյալներ
metadata_fields:source_earliest_available_1,Earliest available data,Ամենավաղ հասանելի տվյալը 
metadata_fields:source_earliest_available_2,Earliest available data,Ամենավաղ հասանելի տվյալը 
metadata_fields:source_earliest_available_3,Earliest available data,Ամենավաղ հասանելի տվյալը 
metadata_fields:source_earliest_available_4,Earliest available data,Ամենավաղ հասանելի տվյալը 
metadata_fields:source_earliest_available_5,Earliest available data,Ամենավաղ հասանելի տվյալը 
metadata_fields:source_earliest_available_6,Earliest available data,Ամենավաղ հասանելի տվյալը 
metadata_fields:source_geographical_coverage_1,Geographical coverage,Աշխարհագրական ընդգրկունություն 
metadata_fields:source_geographical_coverage_2,Geographical coverage,Աշխարհագրական ընդգրկունություն 
metadata_fields:source_geographical_coverage_3,Geographical coverage,Աշխարհագրական ընդգրկունություն 
metadata_fields:source_geographical_coverage_4,Geographical coverage,Աշխարհագրական ընդգրկունություն 
metadata_fields:source_geographical_coverage_5,Geographical coverage,Աշխարհագրական ընդգրկունություն 
metadata_fields:source_geographical_coverage_6,Geographical coverage,Աշխարհագրական ընդգրկունություն 
metadata_fields:source_next_release_1,Next release,Հաջորդ թողարկումը
metadata_fields:source_next_release_2,Next release,Հաջորդ թողարկումը
metadata_fields:source_next_release_3,Next release,Հաջորդ թողարկումը
metadata_fields:source_next_release_4,Next release,Հաջորդ թողարկումը
metadata_fields:source_next_release_5,Next release,Հաջորդ թողարկումը
metadata_fields:source_next_release_6,Next release,Հաջորդ թողարկումը
metadata_fields:source_organisation_1,Organisation,Կազմակերպություն 
metadata_fields:source_organisation_2,Organisation,Կազմակերպություն 
metadata_fields:source_organisation_3,Organisation,Կազմակերպություն 
metadata_fields:source_organisation_4,Organisation,Կազմակերպություն 
metadata_fields:source_organisation_5,Organisation,Կազմակերպություն 
metadata_fields:source_organisation_6,Organisation,Կազմակերպություն 
metadata_fields:source_other_info_1,Other information,Այլ տեղեկություններ 
metadata_fields:source_other_info_2,Other information,Այլ տեղեկություններ 
metadata_fields:source_other_info_3,Other information,Այլ տեղեկություններ 
metadata_fields:source_other_info_4,Other information,Այլ տեղեկություններ 
metadata_fields:source_other_info_5,Other information,Այլ տեղեկություններ 
metadata_fields:source_other_info_6,Other information,Այլ տեղեկություններ 
metadata_fields:source_periodicity_1,Periodicity,Պարբերականությունը 
metadata_fields:source_periodicity_2,Periodicity,Պարբերականությունը 
metadata_fields:source_periodicity_3,Periodicity,Պարբերականությունը 
metadata_fields:source_periodicity_4,Periodicity,Պարբերականությունը 
metadata_fields:source_periodicity_5,Periodicity,Պարբերականությունը 
metadata_fields:source_periodicity_6,Periodicity,Պարբերականությունը 
metadata_fields:source_release_date_1,Release date,Թողարկման ամսաթիվը
metadata_fields:source_release_date_2,Release date,Թողարկման ամսաթիվը
metadata_fields:source_release_date_3,Release date,Թողարկման ամսաթիվը
metadata_fields:source_release_date_4,Release date,Թողարկման ամսաթիվը
metadata_fields:source_release_date_5,Release date,Թողարկման ամսաթիվը
metadata_fields:source_release_date_6,Release date,Թողարկման ամսաթիվը
metadata_fields:source_statistical_classification_1,Statistical classification,Վիճակագրական դասակարգում
metadata_fields:source_statistical_classification_2,Statistical classification,Վիճակագրական դասակարգում
metadata_fields:source_statistical_classification_3,Statistical classification,Վիճակագրական դասակարգում
metadata_fields:source_statistical_classification_4,Statistical classification,Վիճակագրական դասակարգում
metadata_fields:source_statistical_classification_5,Statistical classification,Վիճակագրական դասակարգում
metadata_fields:source_statistical_classification_6,Statistical classification,Վիճակագրական դասակարգում
metadata_fields:source_url_1,Link to data source,Հղում տվյալների աղբյուրներին 
metadata_fields:source_url_2,Link to data source,Հղում տվյալների աղբյուրներին 
metadata_fields:source_url_3,Link to data source,Հղում տվյալների աղբյուրներին 
metadata_fields:source_url_4,Link to data source,Հղում տվյալների աղբյուրներին 
metadata_fields:source_url_5,Link to data source,Հղում տվյալների աղբյուրներին 
metadata_fields:source_url_6,Link to data source,Հղում տվյալների աղբյուրներին 
metadata_fields:target,Target name,Թիրախի անվանումը
metadata_fields:target_id,Target number,Թիրախի համարը 
metadata_fields:un_custodian_agency,UN custodian agency,ՄԱԿ -ի պահառու գործակալություն
metadata_fields:un_designated_tier,UN designated tier,ՄԱԿ-ի կողմից նշանակված աստիճան 
global_goals:1---short,No poverty,Ոչ աղքատությանը
global_goals:1---title,End poverty in all its forms everywhere,Ամենուրեք վերացնել աղքատությունը՝ իր բոլոր ձևերով ու դրսևորումներով
global_goals:10---short,Reduced inequalities,Կրճատված անհավասարություն
global_goals:10---title,Reduce inequality within and among countries,Կրճատել անհավասարությունը երկրների ներսում և դրանց միջև
global_goals:11---short,Sustainable cities & communities,Կայուն քաղաքներ և համայնքներ
global_goals:11---title,"Make cities and human settlements inclusive, safe, resilient and sustainable","Քաղաքները և մարդկային բնակավայրերը դարձնել ներառական, դիմակայուն, անվտանգ և կայուն"
global_goals:12---short,Responsible consumption and production,Պատասխանատու սպառում և արտադրություն
global_goals:12---title,Ensure sustainable consumption and production patterns,Ապահովել սպառման և արտադրության կայուն մոդելներ
global_goals:13---short,Climate action,Գործողություն՝ ի նպաստ կլիմայի
global_goals:13---title,Take urgent action to combat climate change and its impacts,"Ձեռնարկել անհապաղ գործողություններ՝ պայքարելու կլիմայի
փոփոխության և դրա ազդեցությունների դեմ"
global_goals:14---short,Life below water,Կյանքը ջրի տակ
global_goals:14---title,"Conserve and sustainably use the oceans, seas and marine resources for sustainable development","Ապահովել օվկիանոսների, ծովերի ու ջրային պաշարների պահպանությունը և կայուն օգտագործումը՝ հանուն կայուն զարգացման"
global_goals:15---short,Life on land,Կյանքը ցամաքում
global_goals:15---title,"Protect, restore and promote sustainable use of terrestrial ecosystems, sustainably manage forests, combat desertification, and halt and reverse land degradation and halt biodiversity loss","Պահպանել, վերականգնել և խթանել ցամաքային էկոհամակարգերի կայուն օգտագործումը, ապահովել անտառների կայուն կառավարումը,
պայքարել անապատացման դեմ, դադարեցնել և շրջադարձել հողերի
վատթարացումը, կասեցնել կենսաբազմազանության կորուստը"
global_goals:16---short,Peace and justice - strong institutions,"Խաղաղություն, արդարություն և ամուր հաստատություններ"
global_goals:16---title,"Promote peaceful and inclusive societies for sustainable development, provide access to justice for all and build effective, accountable and inclusive institutions at all levels","Խթանել խաղաղ և ներառական հասարակությունների կառուցումը՝ հանուն կայուն զարգացման, բոլորի համար հասանելի դարձնել արդարությունը, բոլոր մակարդակներում ստեղծել արդյունավետ, հաշվետու և ներառական հաստատություններ"
global_goals:17---short,Partnerships for the goals,Համագործակցություն՝ նպատակների համար
global_goals:17---title,Strengthen the means of implementation and revitalize the Global Partnership for Sustainable Development,Ուժեղացնել կայուն զարգացման իրագործման միջոցները և ակտիվացնել գլոբալ գործընկերությունը հանուն այս նպատակի
global_goals:2---short,Zero hunger,Ոչ սովին
global_goals:2---title,"End hunger, achieve food security and improved nutrition and promote sustainable agriculture","Վերացնել սովը, հասնել պարենային ապահովության ու բարելավված սնուցման, խթանել գյուղատնտեսության կայուն զարգացումը"
global_goals:3---short,Good health and well-being,Առողջություն և բարեկեցություն
global_goals:3---title,Ensure healthy lives and promote well-being for all at all ages,Ապահովել առողջ կյանք և խթանել բարեկեցություն բոլորի համար՝ անկախ տարիքից
global_goals:4---short,Quality education,Որակյալ կրթություն
global_goals:4---title,Ensure inclusive and equitable quality education and promote lifelong learning opportunities for all,Ապահովել ներառական ու համապատասխան որակյալ կրթություն բոլորի համար և խթանել ողջ կյանքի ընթացքում ուսման հնարավորություններ
global_goals:5---short,Gender equality,Գենդերային հավասարություն
global_goals:5---title,Achieve gender equality and empower all women and girls,Հասնել գենդերային հավասարության և զորացնել բոլոր կանանց ու աղջիկներին
global_goals:6---short,Clean water and sanitation,Մաքուր ջուր և սանիտարական պայմաններ
global_goals:6---title,Ensure availability and sustainable management of water and sanitation for all,Ապահովել հասանելիություն և կայուն ձևով կառավարել ջուրն ու սանիտարական պայմանները բոլորի համար
global_goals:7---short,Affordable and clean energy,Մատչելի և մաքուր էներգիա
global_goals:7---title,"Ensure access to affordable, reliable, sustainable and modern energy for all","Ապահովել բոլորի համար մատչելի, հուսալի, կայուն և ժամանակակից էներգիայի հասանելիություն"
global_goals:8---short,Decent jobs and economic growth,Արժանապատիվ աշխատանք և տնտեսական աճ
global_goals:8---title,"Promote sustained, inclusive and sustainable economic growth, full and productive employment and decent work for all","Խթանել կայացած, ներառական և կայուն տնտեսական աճ, լիարժեք և արտադրողական զբաղվածություն և արժանապատիվ աշխատանք բոլորի համար"
global_goals:9---short,"Industry, innovation and infrastructure","Արդյունաբերություն, նորարարություն և ենթակառուցվածքներ"
global_goals:9---title,"Build resilient infrastructure, promote inclusive and sustainable industrialization and foster innovation","Ստեղծել դիմակայուն ենթակառուցվածքներ, աջակցել ներառական և կայուն արդյունաբերության զարգացմանը և խթանել նորարարությունը"
menu:about,About,Վերաբերյալ
menu:contact_us,Contact us,Կապ մեզ հետ
menu:cookies,Cookies,Քուկիներ 
menu:faq,FAQ,ՀՏՀ
menu:guidance,Guidance,Ուղեցույց
menu:menu,Menu,Ցանկ
menu:publications,Publications,Հրապարակումներ
menu:reporting_status,Reporting Status,Հաշվետվության կարգավիճակը 
post:posts_by_category,Posts by Category,Գրառումներ ըստ կատեգորիաների  
post:view_all_in_category,View all posts in the %category_name category,Տեսնել բոլոր գրառումները %category_name category
search:found_in,found in,Գտնված է
search:indicator_search,Indicator search,Ցուցանիշների որոնում
search:keywords,Keywords,Հիմնաբառեր
search:no_results,No results,Արդյունքներ չկան
search:search,Search,Որոնում
search:search_results_for,Search results for,Որոնման արդյունքներ
